pkid,pbid,layers,variables,constraints,method,num_segments,best_solution_probs,in_constraints_probs,ARG,iteration_count,classcial,quantum,run_times
0,0,5,21,12,QtoSimplifyDiscardSegmentedCustomSolver,1,86.03515625,100.0,0.07513020828324653,282,25.138064600527287,22.47796143917367,289792
0,1,5,21,12,QtoSimplifyDiscardSegmentedCustomSolver,1,73.33984375,100.0,0.14179687490546874,231,25.474279878195375,20.07832558080554,237568
0,2,5,21,12,QtoSimplifyDiscardSegmentedCustomSolver,1,0,100.0,0.19458007800338745,231,23.823572266381234,20.149608751758933,237568
0,3,5,21,12,QtoSimplifyDiscardSegmentedCustomSolver,1,93.359375,100.0,0.03797104777178174,301,30.363300183787942,24.092515809461474,308224
0,4,5,21,12,QtoSimplifyDiscardSegmentedCustomSolver,1,88.28125,100.0,0.10945012010811528,262,27.782038951292634,25.32085775770247,269312
0,5,5,21,12,QtoSimplifyDiscardSegmentedCustomSolver,1,89.74609375,100.0,0.025902157725760877,253,21.135022419970483,18.271634493023157,260096
0,6,5,21,12,QtoSimplifyDiscardSegmentedCustomSolver,1,0.87890625,100.0,0.14492187492753905,220,22.923772167880088,19.91203140700236,226304
0,7,5,21,12,QtoSimplifyDiscardSegmentedCustomSolver,1,94.43359375,100.0,0.018758138013017442,214,22.242008653469384,19.70058584259823,220160
0,8,5,21,12,QtoSimplifyDiscardSegmentedCustomSolver,1,1.3671875,100.0,0.1757298518811948,271,27.660459339618683,24.511739403475076,278528
0,9,5,21,12,QtoSimplifyDiscardSegmentedCustomSolver,1,83.984375,100.0,0.10148737972962509,220,24.43867796845734,19.4965685098432,226304
0,10,5,21,12,QtoSimplifyDiscardSegmentedCustomSolver,1,58.3984375,100.0,0.19674479153550345,182,23.085760414600372,18.355069320183247,187392
0,11,5,21,12,QtoSimplifyDiscardSegmentedCustomSolver,1,58.7890625,100.0,0.11599392354667004,262,28.707438190467656,22.15120810456574,269312
0,12,5,21,12,QtoSimplifyDiscardSegmentedCustomSolver,1,89.0625,100.0,0.13492838530422632,250,27.83186551835388,21.60744878742844,257024
0,13,5,21,12,QtoSimplifyDiscardSegmentedCustomSolver,1,80.37109375,100.0,0.06572265621713867,262,29.2107331356965,24.483423454221338,269312
0,14,5,21,12,QtoSimplifyDiscardSegmentedCustomSolver,1,94.7265625,100.0,0.03235677081176215,301,26.637132520787418,24.755191856063902,308224
0,15,5,21,12,QtoSimplifyDiscardSegmentedCustomSolver,1,96.19140625,100.0,0.020199424331473988,301,26.09191358089447,23.435802737250924,308224
0,16,5,21,12,QtoSimplifyDiscardSegmentedCustomSolver,1,0,100.0,0.31176757786519366,201,17.64868769282475,18.340110103134066,206848
0,17,5,21,12,QtoSimplifyDiscardSegmentedCustomSolver,1,1.66015625,100.0,0.10865542757439188,301,33.694596709217876,26.57477023359388,308224
0,18,5,21,12,QtoSimplifyDiscardSegmentedCustomSolver,1,1.07421875,100.0,0.19363839276493408,146,16.373965159524232,14.933440018445253,150528
0,19,5,21,12,QtoSimplifyDiscardSegmentedCustomSolver,1,34.66796875,100.0,0.22219669104576664,234,29.905961954500526,22.877075545489788,240640
0,20,5,21,12,QtoSimplifyDiscardSegmentedCustomSolver,1,75.1953125,100.0,0.17894071680650545,261,28.272787702269852,22.27973013371229,268288
0,21,5,21,12,QtoSimplifyDiscardSegmentedCustomSolver,1,0,100.0,0.24586838923394738,169,15.251887876074761,14.176631416194141,174080
0,22,5,21,12,QtoSimplifyDiscardSegmentedCustomSolver,1,66.40625,100.0,0.4313401438989691,160,17.464582656044513,15.602443106938154,164864
0,23,5,21,12,QtoSimplifyDiscardSegmentedCustomSolver,1,50.09765625,100.0,0.11884765619057616,253,27.923613196238875,23.729474214836955,260096
0,24,5,21,12,QtoSimplifyDiscardSegmentedCustomSolver,1,75.0,100.0,0.1427734374286133,173,18.622821606695652,16.241095207165927,178176
0,25,5,21,12,QtoSimplifyDiscardSegmentedCustomSolver,1,88.57421875,100.0,0.029113769513053892,202,15.445687400177121,16.80101407505572,207872
0,26,5,21,12,QtoSimplifyDiscardSegmentedCustomSolver,1,76.07421875,100.0,0.1609374998390625,251,25.217891360633075,22.335448605008423,258048
0,27,5,21,12,QtoSimplifyDiscardSegmentedCustomSolver,1,84.9609375,100.0,0.07921006940043884,301,31.548016522545367,24.639824924524873,308224
0,28,5,21,12,QtoSimplifyDiscardSegmentedCustomSolver,1,0.5859375,100.0,0.10274832581946547,301,29.348505371715873,27.16514559229836,308224
0,29,5,21,12,QtoSimplifyDiscardSegmentedCustomSolver,1,87.890625,100.0,0.09013671865986328,226,21.449050701223314,18.06590567296371,232448
0,30,5,21,12,QtoSimplifyDiscardSegmentedCustomSolver,1,0.09765625,100.0,0.0645073784363848,236,21.196953748352826,19.906597988680005,242688
0,31,5,21,12,QtoSimplifyDiscardSegmentedCustomSolver,1,90.33203125,100.0,0.08105468743245442,276,27.86204432277009,23.618441241327673,283648
0,32,5,21,12,QtoSimplifyDiscardSegmentedCustomSolver,1,97.4609375,100.0,0.010620117174224852,221,18.32683747028932,21.118222685996443,227328
0,33,5,21,12,QtoSimplifyDiscardSegmentedCustomSolver,1,8.984375,100.0,0.09331054682834472,186,18.594138943590224,17.833955969661474,191488
0,34,5,21,12,QtoSimplifyDiscardSegmentedCustomSolver,1,94.53125,100.0,0.03097873262167848,301,28.073355787433684,23.96563166147098,308224
0,35,5,21,12,QtoSimplifyDiscardSegmentedCustomSolver,1,0,100.0,0.16536458322309028,190,22.819017136003822,18.038184027187526,195584
0,36,5,21,12,QtoSimplifyDiscardSegmentedCustomSolver,1,81.4453125,100.0,0.14569091787769317,269,27.88458250183612,23.022422371432185,276480
0,37,5,21,12,QtoSimplifyDiscardSegmentedCustomSolver,1,90.8203125,100.0,0.05139802628873788,263,23.6757168835029,21.459978852886707,270336
0,38,5,21,12,QtoSimplifyDiscardSegmentedCustomSolver,1,90.4296875,100.0,0.10813210217442536,276,25.588699949439615,23.03243879135698,283648
0,39,5,21,12,QtoSimplifyDiscardSegmentedCustomSolver,1,36.03515625,100.0,0.14113451080820238,195,22.56684105237946,17.73820566246286,200704
0,40,5,21,12,QtoSimplifyDiscardSegmentedCustomSolver,1,84.66796875,100.0,0.16026475676637247,260,25.9275479093194,21.965018183458596,267264
0,41,5,21,12,QtoSimplifyDiscardSegmentedCustomSolver,1,81.34765625,100.0,0.14910888662555694,288,30.869919414632022,22.96244734665379,295936
0,42,5,21,12,QtoSimplifyDiscardSegmentedCustomSolver,1,79.1015625,100.0,0.1157483552022377,230,24.651707804761827,20.64713486097753,236544
0,43,5,21,12,QtoSimplifyDiscardSegmentedCustomSolver,1,49.51171875,100.0,0.0779918323509128,301,31.821285536978394,28.232709979172796,308224
0,44,5,21,12,QtoSimplifyDiscardSegmentedCustomSolver,1,89.94140625,100.0,0.029808407723900757,208,17.54479737766087,15.557117577176541,214016
0,45,5,21,12,QtoSimplifyDiscardSegmentedCustomSolver,1,95.80078125,100.0,0.01032902643833499,301,26.851585011463612,23.842850523535162,308224
0,46,5,21,12,QtoSimplifyDiscardSegmentedCustomSolver,1,78.3203125,100.0,0.11190257346358672,233,25.49518066830933,21.194321863818914,239616
0,47,5,21,12,QtoSimplifyDiscardSegmentedCustomSolver,1,80.95703125,100.0,0.035016741054753935,213,23.974149864166975,18.988926945719868,219136
0,48,5,21,12,QtoSimplifyDiscardSegmentedCustomSolver,1,20.01953125,100.0,0.1887817381632614,240,26.62521696742624,21.827258511446416,246784
0,49,5,21,12,QtoSimplifyDiscardSegmentedCustomSolver,1,51.953125,100.0,0.6675618484020317,211,27.142372614704072,22.423575533553958,217088
0,50,5,21,12,QtoSimplifyDiscardSegmentedCustomSolver,1,84.1796875,100.0,0.0548377403424325,225,23.074716459494084,19.027441126294434,231424
0,51,5,21,12,QtoSimplifyDiscardSegmentedCustomSolver,1,29.296875,100.0,0.5087890619912109,168,18.09196079475805,13.180085958447307,173056
0,52,5,21,12,QtoSimplifyDiscardSegmentedCustomSolver,1,44.921875,100.0,0.042643229146360366,238,19.714200942777097,19.669794872868806,244736
0,53,5,21,12,QtoSimplifyDiscardSegmentedCustomSolver,1,94.82421875,100.0,0.016395970386107385,276,26.1254696235992,24.218253393657506,283648
0,54,5,21,12,QtoSimplifyDiscardSegmentedCustomSolver,1,63.0859375,100.0,0.08310546870844726,231,24.40166544355452,16.718928043730557,237568
0,55,5,21,12,QtoSimplifyDiscardSegmentedCustomSolver,1,85.64453125,100.0,0.1609374998390625,251,26.706026876345277,21.267968048341572,258048
0,56,5,21,12,QtoSimplifyDiscardSegmentedCustomSolver,1,92.67578125,100.0,0.04836856614801849,300,28.978646151255816,24.277341805864125,308224
0,57,5,21,12,QtoSimplifyDiscardSegmentedCustomSolver,1,95.80078125,100.0,0.022820723672199617,278,24.696675505954772,23.82551710307598,285696
0,58,5,21,12,QtoSimplifyDiscardSegmentedCustomSolver,1,70.703125,100.0,0.09363511023903817,197,20.911981866229326,18.18224890064448,202752
0,59,5,21,12,QtoSimplifyDiscardSegmentedCustomSolver,1,90.625,100.0,0.04568142358573254,250,25.41771242953837,21.760841632261872,257024
0,60,5,21,12,QtoSimplifyDiscardSegmentedCustomSolver,1,91.015625,100.0,0.04583333330277777,286,23.229570684488863,18.680406575556844,293888
0,61,5,21,12,QtoSimplifyDiscardSegmentedCustomSolver,1,92.1875,100.0,0.024371603250273214,301,25.28249766677618,25.01994601590559,308224
0,62,5,21,12,QtoSimplifyDiscardSegmentedCustomSolver,1,32.71484375,100.0,0.24923270071483378,255,29.214648445136845,24.03985612327233,262144
0,63,5,21,12,QtoSimplifyDiscardSegmentedCustomSolver,1,94.04296875,100.0,0.07958984368367512,301,27.261924835387617,24.623475485481322,308224
0,64,5,21,12,QtoSimplifyDiscardSegmentedCustomSolver,1,8.30078125,100.0,0.08886718745062934,196,18.846077352762222,15.055323278531432,201728
0,65,5,21,12,QtoSimplifyDiscardSegmentedCustomSolver,1,97.94921875,100.0,0.016536458322309027,301,28.742182061541826,25.19061856623739,308224
0,66,5,21,12,QtoSimplifyDiscardSegmentedCustomSolver,1,16.11328125,100.0,0.2754603792675283,182,17.52357716439292,16.519314762670547,187392
0,67,5,21,12,QtoSimplifyDiscardSegmentedCustomSolver,1,66.796875,100.0,0.3888113833731266,301,31.332798990420997,27.751945920754224,308224
0,68,5,21,12,QtoSimplifyDiscardSegmentedCustomSolver,1,93.9453125,100.0,0.06445312490792411,301,24.927899442613125,24.159417159389704,308224
0,69,5,21,12,QtoSimplifyDiscardSegmentedCustomSolver,1,80.37109375,100.0,0.03938802081457713,227,24.18407014431432,19.85915632173419,233472
0,70,5,21,12,QtoSimplifyDiscardSegmentedCustomSolver,1,30.37109375,100.0,0.09613715272436825,205,22.028540356550366,15.30641302652657,210944
0,71,5,21,12,QtoSimplifyDiscardSegmentedCustomSolver,1,90.91796875,100.0,0.07955228359265208,301,31.599597780033946,23.720373652875423,308224
0,72,5,21,12,QtoSimplifyDiscardSegmentedCustomSolver,1,12.59765625,100.0,0.27467447898355035,177,20.538835560437292,17.175376552622765,182272
0,73,5,21,12,QtoSimplifyDiscardSegmentedCustomSolver,1,90.4296875,100.0,0.09088134759944916,280,28.66584521252662,22.68203181726858,287744
0,74,5,21,12,QtoSimplifyDiscardSegmentedCustomSolver,1,32.03125,100.0,0.1914062498259943,237,28.380385419819504,22.888535062316805,243712
0,75,5,21,12,QtoSimplifyDiscardSegmentedCustomSolver,1,92.578125,100.0,0.0452473958031684,177,13.844031953718513,14.113213735632598,182272
0,76,5,21,12,QtoSimplifyDiscardSegmentedCustomSolver,1,19.62890625,100.0,0.08551897315320073,191,18.529476213734597,17.893024932127446,196608
0,77,5,21,12,QtoSimplifyDiscardSegmentedCustomSolver,1,1.07421875,100.0,0.1510009764995829,124,12.632374163717031,10.922325891442597,128000
0,78,5,21,12,QtoSimplifyDiscardSegmentedCustomSolver,1,88.28125,100.0,0.05646829040795982,231,23.501545548904687,20.77316833846271,237568
0,79,5,21,12,QtoSimplifyDiscardSegmentedCustomSolver,1,2.734375,100.0,0.3270399303738667,238,25.965208895038813,21.397813061252236,244736
0,80,5,21,12,QtoSimplifyDiscardSegmentedCustomSolver,1,88.96484375,100.0,0.018760279595389326,269,23.146622393280268,21.844746945425868,276480
0,81,5,21,12,QtoSimplifyDiscardSegmentedCustomSolver,1,93.359375,100.0,0.043619791642433445,239,23.883031664881855,21.517952404916286,245760
0,82,5,21,12,QtoSimplifyDiscardSegmentedCustomSolver,1,10.546875,100.0,0.16585286449119285,216,24.56305681169033,18.97370136436075,222208
0,83,5,21,12,QtoSimplifyDiscardSegmentedCustomSolver,1,0.09765625,100.0,0.4990234371881103,210,18.99052107287571,19.102447024080902,216064
0,84,5,21,12,QtoSimplifyDiscardSegmentedCustomSolver,1,77.24609375,100.0,0.02064732141873937,270,24.57976935384795,21.860153981950134,277504
0,85,5,21,12,QtoSimplifyDiscardSegmentedCustomSolver,1,0.78125,100.0,0.3649471505206193,258,28.23861312121153,22.677629335783422,265216
0,86,5,21,12,QtoSimplifyDiscardSegmentedCustomSolver,1,85.05859375,100.0,0.10342261899837017,271,30.918342681601644,25.68878368055448,278528
0,87,5,21,12,QtoSimplifyDiscardSegmentedCustomSolver,1,3.7109375,100.0,0.32006835917495724,192,21.659693237859756,18.382903357967734,197632
0,88,5,21,12,QtoSimplifyDiscardSegmentedCustomSolver,1,91.11328125,100.0,0.04337086394507596,259,21.700528758578002,21.86011222144589,266240
0,89,5,21,12,QtoSimplifyDiscardSegmentedCustomSolver,1,90.33203125,100.0,0.023786272304438374,301,28.608083312399685,24.194229664746672,308224
0,90,5,21,12,QtoSimplifyDiscardSegmentedCustomSolver,1,0.29296875,100.0,0.15876116060088488,207,17.774280357174575,15.200160673819482,212992
0,91,5,21,12,QtoSimplifyDiscardSegmentedCustomSolver,1,66.015625,100.0,0.12890624992838542,242,24.69413617020473,21.589812810067087,248832
0,92,5,21,12,QtoSimplifyDiscardSegmentedCustomSolver,1,74.4140625,100.0,0.11150045949323502,178,17.6688424134627,16.42186094261706,183296
0,93,5,21,12,QtoSimplifyDiscardSegmentedCustomSolver,1,93.45703125,100.0,0.022412109363793946,301,27.630487059243023,22.68764904467389,308224
0,94,5,21,12,QtoSimplifyDiscardSegmentedCustomSolver,1,0.9765625,100.0,0.26803768366586017,219,20.60391369787976,19.14779290743172,225280
0,95,5,21,12,QtoSimplifyDiscardSegmentedCustomSolver,1,0.09765625,100.0,0.4201311380927634,255,28.60492648743093,24.32665563421324,262144
0,96,5,21,12,QtoSimplifyDiscardSegmentedCustomSolver,1,95.01953125,100.0,0.0468749999639423,301,27.42001519538462,24.171529207844287,308224
0,97,5,21,12,QtoSimplifyDiscardSegmentedCustomSolver,1,76.07421875,100.0,0.1496465773096921,176,19.602984770201147,17.01454938482493,181248
0,98,5,21,12,QtoSimplifyDiscardSegmentedCustomSolver,1,61.71875,100.0,0.20770733157099436,189,20.42264217045158,16.933288388419896,194560
0,99,5,21,12,QtoSimplifyDiscardSegmentedCustomSolver,1,56.54296875,100.0,0.0587439903394277,228,20.723017259966582,19.546246072743088,234496
0,0,5,21,12,QtoSimplifyDiscardSegmentedCustomSolver,2,0,100.0,0.27246093731835935,210,35.15540307899937,111.53723481111228,432128
0,1,5,21,12,QtoSimplifyDiscardSegmentedCustomSolver,2,76.7578125,100.0,0.046158854135894094,301,61.063742954749614,186.02352769114077,616448
0,2,5,21,12,QtoSimplifyDiscardSegmentedCustomSolver,2,0,100.0,0.1826782225420761,291,43.42412273446098,164.7352192425169,598016
0,3,5,21,12,QtoSimplifyDiscardSegmentedCustomSolver,2,90.234375,100.0,0.051642922763739454,294,57.23655888205394,160.13133413298056,604160
0,4,5,21,12,QtoSimplifyDiscardSegmentedCustomSolver,2,96.875,100.0,0.025240384595968935,301,61.775889763142914,183.56962714204565,616448
0,5,5,21,12,QtoSimplifyDiscardSegmentedCustomSolver,2,0,100.0,0.3373325891250797,182,44.36140519520268,147.52298099873587,374784
0,6,5,21,12,QtoSimplifyDiscardSegmentedCustomSolver,2,0,100.0,0.11557617181721191,286,67.63266116427258,230.68517362559214,587776
0,7,5,21,12,QtoSimplifyDiscardSegmentedCustomSolver,2,0.78125,100.0,0.07027180986655342,220,40.537457558792084,134.91274368343875,452608
0,8,5,21,12,QtoSimplifyDiscardSegmentedCustomSolver,2,97.94921875,100.0,0.00822368420619806,297,56.66102216858417,161.6662947521545,610304
0,9,5,21,12,QtoSimplifyDiscardSegmentedCustomSolver,2,0.48828125,100.0,0.25766225941718285,210,49.70339746074751,163.33249773131683,432128
0,10,5,21,12,QtoSimplifyDiscardSegmentedCustomSolver,2,0.29296875,100.0,0.2644531248236979,209,67.61586012551561,205.06872940761968,430080
0,11,5,21,12,QtoSimplifyDiscardSegmentedCustomSolver,2,49.4140625,100.0,0.042751736087360145,301,66.06295639369637,192.99462574813515,616448
0,12,5,21,12,QtoSimplifyDiscardSegmentedCustomSolver,2,85.64453125,100.0,0.1692708331922743,301,93.41577083757147,247.66127794468775,616448
0,13,5,21,12,QtoSimplifyDiscardSegmentedCustomSolver,2,97.8515625,100.0,0.009228515620385742,276,46.334346564952284,159.74709590990096,567296
0,14,5,21,12,QtoSimplifyDiscardSegmentedCustomSolver,2,95.80078125,100.0,0.020898437486067706,301,67.64227325469255,194.81024537142366,616448
0,15,5,21,12,QtoSimplifyDiscardSegmentedCustomSolver,2,57.6171875,100.0,0.057103207206787784,301,72.49025868065655,185.98984067933634,616448
0,16,5,21,12,QtoSimplifyDiscardSegmentedCustomSolver,2,0,100.0,0.10799153636834039,301,72.60876226425171,209.7899183551781,616448
0,17,5,21,12,QtoSimplifyDiscardSegmentedCustomSolver,2,0,100.0,0.06697162825422545,300,67.44187711598352,208.91951483301818,616448
0,18,5,21,12,QtoSimplifyDiscardSegmentedCustomSolver,2,73.046875,100.0,0.09095982138525723,301,74.05041187815368,210.5148928198032,616448
0,19,5,21,12,QtoSimplifyDiscardSegmentedCustomSolver,2,85.25390625,100.0,0.06663602937256703,301,72.92722526984289,228.30663433577865,616448
0,20,5,21,12,QtoSimplifyDiscardSegmentedCustomSolver,2,0.1953125,100.0,0.1213809741933053,301,56.20666053984314,168.77763437619433,616448
0,21,5,21,12,QtoSimplifyDiscardSegmentedCustomSolver,2,81.34765625,100.0,0.09352463935113489,301,63.660360037814826,190.3533960832283,616448
0,22,5,21,12,QtoSimplifyDiscardSegmentedCustomSolver,2,97.75390625,100.0,0.034329927858207744,277,50.37717200582847,157.6909363041632,569344
0,23,5,21,12,QtoSimplifyDiscardSegmentedCustomSolver,2,74.8046875,100.0,0.09604492182697753,263,56.39079484483227,186.8460109741427,540672
0,24,5,21,12,QtoSimplifyDiscardSegmentedCustomSolver,2,88.96484375,100.0,0.06708984371645507,301,74.93585312925279,216.50963303167373,616448
0,25,5,21,12,QtoSimplifyDiscardSegmentedCustomSolver,2,95.703125,100.0,0.008361816401023865,301,63.95860210759565,168.5783585975878,616448
0,26,5,21,12,QtoSimplifyDiscardSegmentedCustomSolver,2,83.59375,100.0,0.13896484361103514,301,72.29677987331524,195.5743796657771,616448
0,27,5,21,12,QtoSimplifyDiscardSegmentedCustomSolver,2,11.71875,100.0,0.2861328123410373,301,79.96961037488654,233.14517169445753,616448
0,28,5,21,12,QtoSimplifyDiscardSegmentedCustomSolver,2,0,100.0,0.33572823636733695,254,55.212276716250926,172.776682656724,522240
0,29,5,21,12,QtoSimplifyDiscardSegmentedCustomSolver,2,68.26171875,100.0,0.21464843728535155,258,77.42210372537374,225.01523800333962,530432
0,30,5,21,12,QtoSimplifyDiscardSegmentedCustomSolver,2,95.01953125,100.0,0.009874131938958815,301,58.73093874845654,179.03296711249277,616448
0,31,5,21,12,QtoSimplifyDiscardSegmentedCustomSolver,2,86.03515625,100.0,0.14982096341681586,301,78.01726309210062,258.9924158109352,616448
0,32,5,21,12,QtoSimplifyDiscardSegmentedCustomSolver,2,90.52734375,100.0,0.030517578086853025,301,50.51614815695211,155.76827063411474,616448
0,33,5,21,12,QtoSimplifyDiscardSegmentedCustomSolver,2,3.61328125,100.0,0.07817382808591308,301,61.26983217243105,177.1631001085043,616448
0,34,5,21,12,QtoSimplifyDiscardSegmentedCustomSolver,2,74.0234375,100.0,0.15624999991319444,301,77.72660835785791,239.3770681237802,616448
0,35,5,21,12,QtoSimplifyDiscardSegmentedCustomSolver,2,95.01953125,100.0,0.017903645821397567,301,52.0674500670284,168.39167927019298,616448
0,36,5,21,12,QtoSimplifyDiscardSegmentedCustomSolver,2,93.06640625,100.0,0.035766601540145875,280,61.191592877265066,187.37500896072015,575488
0,37,5,21,12,QtoSimplifyDiscardSegmentedCustomSolver,2,96.38671875,100.0,0.017886513148480783,301,65.74980157054961,195.92714643478394,616448
0,38,5,21,12,QtoSimplifyDiscardSegmentedCustomSolver,2,35.7421875,100.0,0.8200461640272307,191,54.26861517690122,170.80872611887753,393216
0,39,5,21,12,QtoSimplifyDiscardSegmentedCustomSolver,2,80.46875,100.0,0.024753736402280985,301,45.27208011504263,141.15359889809042,616448
0,40,5,21,12,QtoSimplifyDiscardSegmentedCustomSolver,2,95.1171875,100.0,0.03624131940417631,301,61.359400293789804,208.8068058071658,616448
0,41,5,21,12,QtoSimplifyDiscardSegmentedCustomSolver,2,93.1640625,100.0,0.05285644527946472,228,49.10286388359964,158.15500950440764,468992
0,42,5,21,12,QtoSimplifyDiscardSegmentedCustomSolver,2,96.77734375,100.0,0.015162417755177675,287,43.18319290969521,132.7736942069605,589824
0,43,5,21,12,QtoSimplifyDiscardSegmentedCustomSolver,2,50.48828125,100.0,0.10231711643076494,294,66.75469748862088,211.17058651149273,604160
0,44,5,21,12,QtoSimplifyDiscardSegmentedCustomSolver,2,98.6328125,100.0,0.004464285712159864,283,49.01337962038815,159.37622905150056,581632
0,45,5,21,12,QtoSimplifyDiscardSegmentedCustomSolver,2,27.05078125,100.0,0.1034029446717681,257,44.057624569162726,173.8727422938682,528384
0,46,5,21,12,QtoSimplifyDiscardSegmentedCustomSolver,2,32.8125,100.0,0.18543198518504,231,56.08818614622578,206.62093415483832,475136
0,47,5,21,12,QtoSimplifyDiscardSegmentedCustomSolver,2,96.97265625,100.0,0.0047898065453381876,256,48.921473955735564,155.59567762119696,526336
0,48,5,21,12,QtoSimplifyDiscardSegmentedCustomSolver,2,95.80078125,100.0,0.020263671862335204,301,55.9672720907256,184.94723796332255,616448
0,49,5,21,12,QtoSimplifyDiscardSegmentedCustomSolver,2,75.68359375,100.0,0.1308593748909505,301,80.35616597020999,217.36935097770765,616448
0,50,5,21,12,QtoSimplifyDiscardSegmentedCustomSolver,2,80.37109375,100.0,0.060621995145675386,269,52.387441684957594,161.37275110417977,552960
0,51,5,21,12,QtoSimplifyDiscardSegmentedCustomSolver,2,13.671875,100.0,0.4881835932618164,301,70.10287547437474,207.51828654669225,616448
0,52,5,21,12,QtoSimplifyDiscardSegmentedCustomSolver,2,0,100.0,0.18903459812426923,253,83.41186536476016,242.17639086255804,520192
0,53,5,21,12,QtoSimplifyDiscardSegmentedCustomSolver,2,93.45703125,100.0,0.027960526301073405,274,50.156131298746914,165.6145144640468,563200
0,54,5,21,12,QtoSimplifyDiscardSegmentedCustomSolver,2,88.671875,100.0,0.044531249977734375,301,68.78392756637186,211.89838124299422,616448
0,55,5,21,12,QtoSimplifyDiscardSegmentedCustomSolver,2,88.76953125,100.0,0.1296874998703125,270,50.24967406503856,161.25459207687527,555008
0,56,5,21,12,QtoSimplifyDiscardSegmentedCustomSolver,2,0.09765625,100.0,0.2595358454355671,299,46.72363105416298,150.85248662391677,614400
0,57,5,21,12,QtoSimplifyDiscardSegmentedCustomSolver,2,94.3359375,100.0,0.0290398848531369,248,42.41583296051249,140.39729297952726,509952
0,58,5,21,12,QtoSimplifyDiscardSegmentedCustomSolver,2,36.5234375,100.0,0.17687270210183959,235,65.53165159886703,205.64303984493017,483328
0,59,5,21,12,QtoSimplifyDiscardSegmentedCustomSolver,2,67.67578125,100.0,0.26204427068775316,260,88.58320327755064,276.7987701436505,534528
0,60,5,21,12,QtoSimplifyDiscardSegmentedCustomSolver,2,2.1484375,100.0,0.11354166659097222,301,83.13154925825074,215.48864321690053,616448
0,61,5,21,12,QtoSimplifyDiscardSegmentedCustomSolver,2,2.63671875,100.0,0.06381623638529729,251,44.97234460199252,143.55348091525957,516096
0,62,5,21,12,QtoSimplifyDiscardSegmentedCustomSolver,2,93.45703125,100.0,0.034458705332529496,255,45.82976259011775,157.08092424599454,524288
0,63,5,21,12,QtoSimplifyDiscardSegmentedCustomSolver,2,12.59765625,100.0,1.0148111970709905,247,70.36784623516724,207.39776221383363,507904
0,64,5,21,12,QtoSimplifyDiscardSegmentedCustomSolver,2,0.390625,100.0,0.15418836796989535,255,66.64820676203817,197.87578155566007,524288
0,65,5,21,12,QtoSimplifyDiscardSegmentedCustomSolver,2,98.2421875,100.0,0.010351562493098957,301,63.625832279678434,196.21787122823298,616448
0,66,5,21,12,QtoSimplifyDiscardSegmentedCustomSolver,2,0,100.0,0.24658203107386997,255,60.58146155346185,183.51756545668468,524288
0,67,5,21,12,QtoSimplifyDiscardSegmentedCustomSolver,2,90.4296875,100.0,0.11202566948282047,266,63.89295007940382,197.75340183870867,546816
0,68,5,21,12,QtoSimplifyDiscardSegmentedCustomSolver,2,93.45703125,100.0,0.06794084811722736,301,65.45798659697175,189.3101075622253,616448
0,69,5,21,12,QtoSimplifyDiscardSegmentedCustomSolver,2,0.5859375,100.0,0.1105840773282933,301,89.51102523086593,231.41073884116486,616448
0,70,5,21,12,QtoSimplifyDiscardSegmentedCustomSolver,2,86.71875,100.0,0.05056423608301987,301,96.99572019232437,268.5824333629571,616448
0,71,5,21,12,QtoSimplifyDiscardSegmentedCustomSolver,2,49.0234375,100.0,0.37379807663553993,292,67.65361130889505,197.76242194790393,600064
0,72,5,21,12,QtoSimplifyDiscardSegmentedCustomSolver,2,0.5859375,100.0,0.3020833331319444,188,48.18844338180497,156.19428953016177,387072
0,73,5,21,12,QtoSimplifyDiscardSegmentedCustomSolver,2,76.3671875,100.0,0.24792480453254698,301,84.33948455704376,225.28889532759786,616448
0,74,5,21,12,QtoSimplifyDiscardSegmentedCustomSolver,2,91.40625,100.0,0.04252485791588649,301,59.80740259727463,190.98483419790864,616448
0,75,5,21,12,QtoSimplifyDiscardSegmentedCustomSolver,2,58.49609375,100.0,0.1386067707409288,192,48.02881314791739,181.71611221507192,395264
0,76,5,21,12,QtoSimplifyDiscardSegmentedCustomSolver,2,72.55859375,100.0,0.06640624995256696,273,65.19265548000112,195.37864272110164,561152
0,77,5,21,12,QtoSimplifyDiscardSegmentedCustomSolver,2,0.78125,100.0,0.13155110671602036,233,76.40366013441235,211.44287878181785,479232
0,78,5,21,12,QtoSimplifyDiscardSegmentedCustomSolver,2,84.08203125,100.0,0.05170036761664684,278,50.109786392655224,161.67371792532504,571392
0,79,5,21,12,QtoSimplifyDiscardSegmentedCustomSolver,2,0.390625,100.0,0.4010959199160578,297,69.36952819814906,220.08811788773164,610304
0,80,5,21,12,QtoSimplifyDiscardSegmentedCustomSolver,2,1.66015625,100.0,0.10192228613056721,301,69.22605532128364,203.05136373313144,616448
0,81,5,21,12,QtoSimplifyDiscardSegmentedCustomSolver,2,98.33984375,100.0,0.011121961799376688,301,53.052482111845165,169.46006226958707,616448
0,82,5,21,12,QtoSimplifyDiscardSegmentedCustomSolver,2,82.71484375,100.0,0.06553819440803434,278,63.14932485530153,227.8356470419094,571392
0,83,5,21,12,QtoSimplifyDiscardSegmentedCustomSolver,2,0,100.0,0.4517211911239242,301,76.34745962684974,240.8966907504946,616448
0,84,5,21,12,QtoSimplifyDiscardSegmentedCustomSolver,2,88.76953125,100.0,0.012509300589281284,237,46.64444975042716,138.84528572438285,487424
0,85,5,21,12,QtoSimplifyDiscardSegmentedCustomSolver,2,90.52734375,100.0,0.05060891541140652,295,53.561905338894576,173.54570833221078,606208
0,86,5,21,12,QtoSimplifyDiscardSegmentedCustomSolver,2,92.48046875,100.0,0.04687499997767857,270,55.89216003147885,180.7009986662306,555008
0,87,5,21,12,QtoSimplifyDiscardSegmentedCustomSolver,2,75.5859375,100.0,0.1438598631913376,299,88.08134449413046,245.67085141967982,614400
0,88,5,21,12,QtoSimplifyDiscardSegmentedCustomSolver,2,94.62890625,100.0,0.022518382339695067,229,42.68529218714684,170.99516029655933,471040
0,89,5,21,12,QtoSimplifyDiscardSegmentedCustomSolver,2,98.53515625,100.0,0.004603794639568718,281,44.30440090922639,155.56459968490526,577536
0,90,5,21,12,QtoSimplifyDiscardSegmentedCustomSolver,2,0,100.0,0.12974330347875476,301,98.85058691073209,271.68710706103593,616448
0,91,5,21,12,QtoSimplifyDiscardSegmentedCustomSolver,2,44.43359375,100.0,0.14762369783465348,282,82.33483768161386,216.8651472865604,579584
0,92,5,21,12,QtoSimplifyDiscardSegmentedCustomSolver,2,83.88671875,100.0,0.04291130512181688,270,53.90452146483585,159.76754310214892,555008
0,93,5,21,12,QtoSimplifyDiscardSegmentedCustomSolver,2,59.86328125,100.0,0.09804687495097655,264,67.69650832843035,193.60522797796875,542720
0,94,5,21,12,QtoSimplifyDiscardSegmentedCustomSolver,2,88.4765625,100.0,0.08542049627328206,301,74.5725175482221,215.83824615972117,616448
0,95,5,21,12,QtoSimplifyDiscardSegmentedCustomSolver,2,92.7734375,100.0,0.042271205326949134,279,66.93056747037917,191.33564256271347,573440
0,96,5,21,12,QtoSimplifyDiscardSegmentedCustomSolver,2,11.5234375,100.0,0.20763221137874444,301,65.05414827400818,187.08988888887689,616448
0,97,5,21,12,QtoSimplifyDiscardSegmentedCustomSolver,2,81.93359375,100.0,0.08816964281515731,257,51.80053729470819,172.4973943089135,528384
0,98,5,21,12,QtoSimplifyDiscardSegmentedCustomSolver,2,3.7109375,100.0,0.29356971131263865,261,46.985384171362966,137.13036686275154,536576
0,99,5,21,12,QtoSimplifyDiscardSegmentedCustomSolver,2,0,100.0,0.11365685087411011,201,34.2011943035759,113.77829396026209,413696
0,0,5,21,12,QtoSimplifyDiscardSegmentedCustomSolver,3,6.54296875,100.0,0.322460937285026,256,91.18842541472986,424.3161117294803,789504
0,1,5,21,12,QtoSimplifyDiscardSegmentedCustomSolver,3,0.09765625,100.0,0.15742187489505208,301,88.6011208081618,476.8784945597872,924672
0,2,5,21,12,QtoSimplifyDiscardSegmentedCustomSolver,3,0,100.0,0.15100097646812438,301,93.1312668742612,433.04966468783095,924672
0,3,5,21,12,QtoSimplifyDiscardSegmentedCustomSolver,3,95.41015625,100.0,0.022977941162954152,295,62.41356247663498,354.55985715426505,909312
0,4,5,21,12,QtoSimplifyDiscardSegmentedCustomSolver,3,84.375,100.0,0.12492487971159624,301,95.36191389197484,471.76674016192555,924672
0,5,5,21,12,QtoSimplifyDiscardSegmentedCustomSolver,3,38.8671875,100.0,0.09988839280957695,301,79.40845621936023,407.0701186526567,924672
0,6,5,21,12,QtoSimplifyDiscardSegmentedCustomSolver,3,2.1484375,100.0,0.3075195310962402,169,53.02571295294911,319.3898419300094,522240
0,7,5,21,12,QtoSimplifyDiscardSegmentedCustomSolver,3,2.5390625,100.0,0.0957438150642734,290,115.55436951806769,468.57980238692835,893952
0,8,5,21,12,QtoSimplifyDiscardSegmentedCustomSolver,3,90.625,100.0,0.04307154602996234,287,92.7622040193528,512.9729208294302,884736
0,9,5,21,12,QtoSimplifyDiscardSegmentedCustomSolver,3,85.44921875,100.0,0.06693209129466762,301,91.49716547504067,426.6989288642071,924672
0,10,5,21,12,QtoSimplifyDiscardSegmentedCustomSolver,3,80.6640625,100.0,0.0773437499484375,300,83.41706824116409,423.9272931055166,924672
0,11,5,21,12,QtoSimplifyDiscardSegmentedCustomSolver,3,93.84765625,100.0,0.015245225685974874,301,79.8390404661186,399.68831564765424,924672
0,12,5,21,12,QtoSimplifyDiscardSegmentedCustomSolver,3,88.57421875,100.0,0.17854817693454317,301,111.42912842379883,462.00955754192546,924672
0,13,5,21,12,QtoSimplifyDiscardSegmentedCustomSolver,3,93.1640625,100.0,0.020703124989648436,301,93.96186937671155,436.12039554305375,924672
0,14,5,21,12,QtoSimplifyDiscardSegmentedCustomSolver,3,1.171875,100.0,0.449023437200651,239,90.61002360098064,479.7659739307128,737280
0,15,5,21,12,QtoSimplifyDiscardSegmentedCustomSolver,3,55.2734375,100.0,0.10999177625789906,301,102.13417946640402,450.3656698614359,924672
0,16,5,21,12,QtoSimplifyDiscardSegmentedCustomSolver,3,0,100.0,0.25634765603637694,256,65.61262772697955,360.64594705216587,789504
0,17,5,21,12,QtoSimplifyDiscardSegmentedCustomSolver,3,0,100.0,0.0697471216738173,301,87.56728793960065,431.1783665912226,924672
0,18,5,21,12,QtoSimplifyDiscardSegmentedCustomSolver,3,65.8203125,100.0,0.11253720232736324,286,108.41918925754726,462.5642304774374,881664
0,19,5,21,12,QtoSimplifyDiscardSegmentedCustomSolver,3,61.03515625,100.0,0.16607306975525113,230,62.65530690038577,354.8772964067757,709632
0,20,5,21,12,QtoSimplifyDiscardSegmentedCustomSolver,3,27.5390625,100.0,0.5136144298449327,166,60.907589494716376,313.1393921873532,513024
0,21,5,21,12,QtoSimplifyDiscardSegmentedCustomSolver,3,71.875,100.0,0.10238882203662397,294,78.99465652182698,413.817456683144,906240
0,22,5,21,12,QtoSimplifyDiscardSegmentedCustomSolver,3,91.6015625,100.0,0.09390024031238442,301,75.4993834355846,397.56044325465336,924672
0,23,5,21,12,QtoSimplifyDiscardSegmentedCustomSolver,3,87.6953125,100.0,0.03183593748408203,286,71.91864688042551,405.32900255266577,881664
0,24,5,21,12,QtoSimplifyDiscardSegmentedCustomSolver,3,3.125,100.0,0.13979492180510253,301,85.03156075952575,417.8835526756011,924672
0,25,5,21,12,QtoSimplifyDiscardSegmentedCustomSolver,3,80.859375,100.0,0.039306640600433346,301,83.6024782829918,440.55129239009693,924672
0,26,5,21,12,QtoSimplifyDiscardSegmentedCustomSolver,3,4.39453125,100.0,1.1402343738597656,181,83.6926932092756,461.54461601981893,559104
0,27,5,21,12,QtoSimplifyDiscardSegmentedCustomSolver,3,91.796875,100.0,0.062065972187741125,301,98.9570859153755,437.62878638971597,924672
0,28,5,21,12,QtoSimplifyDiscardSegmentedCustomSolver,3,0,100.0,0.4352678568319515,253,60.563877731096,323.48398800287396,780288
0,29,5,21,12,QtoSimplifyDiscardSegmentedCustomSolver,3,79.6875,100.0,0.15458984359541014,301,113.5378338219598,482.6162702268921,924672
0,30,5,21,12,QtoSimplifyDiscardSegmentedCustomSolver,3,85.15625,100.0,0.04020182289433232,301,119.52746149385348,550.8626622003503,924672
0,31,5,21,12,QtoSimplifyDiscardSegmentedCustomSolver,3,5.46875,100.0,0.27180989560682506,205,47.797099022660404,235.4373753736727,632832
0,32,5,21,12,QtoSimplifyDiscardSegmentedCustomSolver,3,66.6015625,100.0,0.1364746092044067,301,75.43678516708314,396.1035956200212,924672
0,33,5,21,12,QtoSimplifyDiscardSegmentedCustomSolver,3,0.09765625,100.0,0.09941406245029297,263,59.52096676127985,326.65579902008176,811008
0,34,5,21,12,QtoSimplifyDiscardSegmentedCustomSolver,3,93.26171875,100.0,0.05604383677442009,288,64.03858412522823,381.3465816010721,887808
0,35,5,21,12,QtoSimplifyDiscardSegmentedCustomSolver,3,14.74609375,100.0,0.08124999994583333,301,97.28965137992054,443.0868445681408,924672
0,36,5,21,12,QtoSimplifyDiscardSegmentedCustomSolver,3,80.56640625,100.0,0.06011962886867523,301,73.14110971894115,454.346887237858,924672
0,37,5,21,12,QtoSimplifyDiscardSegmentedCustomSolver,3,89.0625,100.0,0.05479029602379458,301,62.22670522518456,373.47700131777674,924672
0,38,5,21,12,QtoSimplifyDiscardSegmentedCustomSolver,3,10.83984375,100.0,1.2616299704439726,187,76.56046780990437,405.0489984215237,577536
0,39,5,21,12,QtoSimplifyDiscardSegmentedCustomSolver,3,84.66796875,100.0,0.05952785323498789,301,91.22249084478244,421.0898211831227,924672
0,40,5,21,12,QtoSimplifyDiscardSegmentedCustomSolver,3,95.01953125,100.0,0.04752604161385995,301,62.49340089270845,349.40544391423464,924672
0,41,5,21,12,QtoSimplifyDiscardSegmentedCustomSolver,3,94.140625,100.0,0.03558349607151031,301,80.94029691303149,398.47774622403085,924672
0,42,5,21,12,QtoSimplifyDiscardSegmentedCustomSolver,3,82.2265625,100.0,0.09467516442385518,301,98.40692484099418,480.90683040209115,924672
0,43,5,21,12,QtoSimplifyDiscardSegmentedCustomSolver,3,94.3359375,100.0,0.030717329531492123,296,76.50305922236294,438.37889173440635,912384
0,44,5,21,12,QtoSimplifyDiscardSegmentedCustomSolver,3,86.23046875,100.0,0.03311011903185232,274,51.62820089282468,307.0594862382859,844800
0,45,5,21,12,QtoSimplifyDiscardSegmentedCustomSolver,3,21.38671875,100.0,0.1944486177136736,247,95.00629242695868,448.5005163461901,761856
0,46,5,21,12,QtoSimplifyDiscardSegmentedCustomSolver,3,93.65234375,100.0,0.03705193012526357,301,70.3439014791511,384.8309951107949,924672
0,47,5,21,12,QtoSimplifyDiscardSegmentedCustomSolver,3,96.97265625,100.0,0.004464285712159864,301,81.17560987686738,428.5227287611924,924672
0,48,5,21,12,QtoSimplifyDiscardSegmentedCustomSolver,3,92.87109375,100.0,0.032775878885765074,301,89.9292755452916,449.95708100451156,924672
0,49,5,21,12,QtoSimplifyDiscardSegmentedCustomSolver,3,94.62890625,100.0,0.049153645792371956,230,64.54127191798761,342.2350497227162,709632
0,50,5,21,12,QtoSimplifyDiscardSegmentedCustomSolver,3,81.34765625,100.0,0.03846153843195266,301,86.23137098550797,477.8582673263736,924672
0,51,5,21,12,QtoSimplifyDiscardSegmentedCustomSolver,3,1.26953125,100.0,0.34853515590146483,301,124.87147420132533,505.9784524058923,924672
0,52,5,21,12,QtoSimplifyDiscardSegmentedCustomSolver,3,93.84765625,100.0,0.013671874993489583,253,52.26339424867183,308.7332439245656,780288
0,53,5,21,12,QtoSimplifyDiscardSegmentedCustomSolver,3,70.80078125,100.0,0.026572779591277483,301,57.101037306245416,324.48889579763636,924672
0,54,5,21,12,QtoSimplifyDiscardSegmentedCustomSolver,3,96.2890625,100.0,0.013281249993359374,301,89.30831701634452,417.5524937119335,924672
0,55,5,21,12,QtoSimplifyDiscardSegmentedCustomSolver,3,88.0859375,100.0,0.08701171866298828,301,66.85285219131038,347.89781723637134,924672
0,56,5,21,12,QtoSimplifyDiscardSegmentedCustomSolver,3,79.19921875,100.0,0.09265854773961262,301,90.42138628801331,435.86951650492847,924672
0,57,5,21,12,QtoSimplifyDiscardSegmentedCustomSolver,3,80.078125,100.0,0.08881578942693906,301,70.35514335753396,397.5173121774569,924672
0,58,5,21,12,QtoSimplifyDiscardSegmentedCustomSolver,3,94.62890625,100.0,0.01752068013675254,273,76.52198143489659,398.0077045490034,841728
0,59,5,21,12,QtoSimplifyDiscardSegmentedCustomSolver,3,88.4765625,100.0,0.08007812495551216,301,110.13177937688306,516.886404525023,924672
0,60,5,21,12,QtoSimplifyDiscardSegmentedCustomSolver,3,92.48046875,100.0,0.03274739581150173,301,68.51074235886335,371.5908972872421,924672
0,61,5,21,12,QtoSimplifyDiscardSegmentedCustomSolver,3,24.609375,100.0,0.12173063853403016,281,86.61832282831892,460.27204786334187,866304
0,62,5,21,12,QtoSimplifyDiscardSegmentedCustomSolver,3,35.3515625,100.0,0.16148158470608456,243,55.90224315226078,311.1864916388877,749568
0,63,5,21,12,QtoSimplifyDiscardSegmentedCustomSolver,3,0.68359375,100.0,0.8036295566219753,301,101.76324142003432,414.34962826315314,924672
0,64,5,21,12,QtoSimplifyDiscardSegmentedCustomSolver,3,91.11328125,100.0,0.010199652772111304,301,55.539381351321936,315.2258240436204,924672
0,65,5,21,12,QtoSimplifyDiscardSegmentedCustomSolver,3,4.8828125,100.0,0.23313802067790798,260,77.61776816751808,374.6027604434639,801792
0,66,5,21,12,QtoSimplifyDiscardSegmentedCustomSolver,3,0.390625,100.0,0.26136997749187857,301,68.58909964561462,343.2330965604633,924672
0,67,5,21,12,QtoSimplifyDiscardSegmentedCustomSolver,3,86.81640625,100.0,0.1339285712372449,241,48.4132118485868,267.867713493295,743424
0,68,5,21,12,QtoSimplifyDiscardSegmentedCustomSolver,3,96.58203125,100.0,0.02790178567442602,301,69.61389029864222,404.75926571758464,924672
0,69,5,21,12,QtoSimplifyDiscardSegmentedCustomSolver,3,1.26953125,100.0,0.1473214285012755,219,67.15781221818179,359.4752267966978,675840
0,70,5,21,12,QtoSimplifyDiscardSegmentedCustomSolver,3,89.84375,100.0,0.0478515624734158,301,102.33295047981665,506.01961924880743,924672
0,71,5,21,12,QtoSimplifyDiscardSegmentedCustomSolver,3,87.3046875,100.0,0.08871694704714081,269,76.04736468754709,395.79863297054544,829440
0,72,5,21,12,QtoSimplifyDiscardSegmentedCustomSolver,3,95.1171875,100.0,0.01809895832126736,301,81.27264601970091,401.3948647440411,924672
0,73,5,21,12,QtoSimplifyDiscardSegmentedCustomSolver,3,0.68359375,100.0,0.3693847653941345,301,113.30819137161598,468.0464116386138,924672
0,74,5,21,12,QtoSimplifyDiscardSegmentedCustomSolver,3,79.39453125,100.0,0.10102982945360924,301,108.80163233168423,463.60298376437277,924672
0,75,5,21,12,QtoSimplifyDiscardSegmentedCustomSolver,3,87.3046875,100.0,0.04674479163550347,301,99.77792433416471,466.3591891010292,924672
0,76,5,21,12,QtoSimplifyDiscardSegmentedCustomSolver,3,52.63671875,100.0,0.05092075889219946,301,97.34240758838132,437.48545246757567,924672
0,77,5,21,12,QtoSimplifyDiscardSegmentedCustomSolver,3,0.1953125,100.0,0.10241699214482625,292,79.79335152357817,396.0544086904265,900096
0,78,5,21,12,QtoSimplifyDiscardSegmentedCustomSolver,3,85.83984375,100.0,0.05210248158699854,186,53.132655180990696,275.0371045935899,574464
0,79,5,21,12,QtoSimplifyDiscardSegmentedCustomSolver,3,88.57421875,100.0,0.10991753466115692,301,84.73246781388298,414.9773489339277,924672
0,80,5,21,12,QtoSimplifyDiscardSegmentedCustomSolver,3,28.3203125,100.0,0.08403577298208643,301,66.61708995513618,372.0042676180601,924672
0,81,5,21,12,QtoSimplifyDiscardSegmentedCustomSolver,3,92.578125,100.0,0.03569878470238956,301,71.99101019697264,392.06244150409475,924672
0,82,5,21,12,QtoSimplifyDiscardSegmentedCustomSolver,3,0,100.0,0.13020833326099537,272,69.41234037978575,439.27664454840124,838656
0,83,5,21,12,QtoSimplifyDiscardSegmentedCustomSolver,3,0.390625,100.0,0.30267333965457915,301,78.08143959054723,457.47410725755617,924672
0,84,5,21,12,QtoSimplifyDiscardSegmentedCustomSolver,3,33.7890625,100.0,0.0865420386492657,179,61.48566793370992,323.45435227500275,552960
0,85,5,21,12,QtoSimplifyDiscardSegmentedCustomSolver,3,19.7265625,100.0,0.3137637865801389,301,121.38318317290395,505.7426003580913,924672
0,86,5,21,12,QtoSimplifyDiscardSegmentedCustomSolver,3,92.48046875,100.0,0.05715215771087992,301,100.96204194938764,445.22895811125636,924672
0,87,5,21,12,QtoSimplifyDiscardSegmentedCustomSolver,3,98.14453125,100.0,0.011596679680252074,301,108.58167844079435,520.2248485060409,924672
0,88,5,21,12,QtoSimplifyDiscardSegmentedCustomSolver,3,79.98046875,100.0,0.06502757349116024,301,90.62608274631202,414.5540407868102,924672
0,89,5,21,12,QtoSimplifyDiscardSegmentedCustomSolver,3,92.3828125,100.0,0.027832031230119975,301,101.12466637883335,426.8219572659582,924672
0,90,5,21,12,QtoSimplifyDiscardSegmentedCustomSolver,3,0,100.0,0.5653599326318858,165,56.94496963871643,321.5782045144588,509952
0,91,5,21,12,QtoSimplifyDiscardSegmentedCustomSolver,3,96.6796875,100.0,0.015299479158166955,301,70.12352274684235,371.11921756807715,924672
0,92,5,21,12,QtoSimplifyDiscardSegmentedCustomSolver,3,25.1953125,100.0,0.23874080868309364,244,69.26597286388278,376.2889272868633,752640
0,93,5,21,12,QtoSimplifyDiscardSegmentedCustomSolver,3,65.8203125,100.0,0.06459960934270019,301,129.32353043137118,535.689822088927,924672
0,94,5,21,12,QtoSimplifyDiscardSegmentedCustomSolver,3,91.2109375,100.0,0.053251378645146244,301,85.29159910231829,448.63466222258285,924672
0,95,5,21,12,QtoSimplifyDiscardSegmentedCustomSolver,3,0.09765625,100.0,0.4344308032611208,301,74.13036895822734,394.0488221277483,924672
0,96,5,21,12,QtoSimplifyDiscardSegmentedCustomSolver,3,97.8515625,100.0,0.015925480756980397,301,66.35988825326785,373.47158513683826,924672
0,97,5,21,12,QtoSimplifyDiscardSegmentedCustomSolver,3,13.671875,100.0,0.4820498509609286,264,93.38761682761833,442.4255992854014,814080
0,98,5,21,12,QtoSimplifyDiscardSegmentedCustomSolver,3,11.9140625,100.0,0.32534555263434956,301,67.56896622106433,361.3194133769721,924672
0,99,5,21,12,QtoSimplifyDiscardSegmentedCustomSolver,3,71.2890625,100.0,0.110501802799614,301,115.03292531846091,436.6066597169265,924672
0,0,5,21,12,QtoSimplifyDiscardSegmentedCustomSolver,4,85.83984375,100.0,0.090299479106467,301,112.19047188712284,708.7688364777714,1232896
0,1,5,21,12,QtoSimplifyDiscardSegmentedCustomSolver,4,57.03125,100.0,0.1186197915875868,301,103.01831515971571,668.3925523562357,1232896
0,2,5,21,12,QtoSimplifyDiscardSegmentedCustomSolver,4,88.0859375,100.0,0.0544433593409729,301,95.37146365502849,649.7713672691025,1232896
0,3,5,21,12,QtoSimplifyDiscardSegmentedCustomSolver,4,90.0390625,100.0,0.041475183799132245,301,82.33652057452127,438.4381360807456,1232896
0,4,5,21,12,QtoSimplifyDiscardSegmentedCustomSolver,4,7.6171875,100.0,0.5801532447460359,301,144.7229669331573,740.4748107679188,1232896
0,5,5,21,12,QtoSimplifyDiscardSegmentedCustomSolver,4,0.1953125,100.0,0.13095238089002267,301,86.44939012918621,586.5085671367124,1232896
0,6,5,21,12,QtoSimplifyDiscardSegmentedCustomSolver,4,0,100.0,0.05527343747236328,301,78.4651317880489,579.2748520816676,1232896
0,7,5,21,12,QtoSimplifyDiscardSegmentedCustomSolver,4,0.1953125,100.0,0.04777018227176242,301,107.82720834482461,683.9721215888858,1232896
0,8,5,21,12,QtoSimplifyDiscardSegmentedCustomSolver,4,95.3125,100.0,0.014134457229402916,301,58.408836010377854,445.4521508105099,1232896
0,9,5,21,12,QtoSimplifyDiscardSegmentedCustomSolver,4,48.53515625,100.0,0.19193209119851376,264,84.02131648128852,594.0785331488587,1085440
0,10,5,21,12,QtoSimplifyDiscardSegmentedCustomSolver,4,7.12890625,100.0,0.44947916636701385,129,66.9023629236035,510.4085956555791,532480
0,11,5,21,12,QtoSimplifyDiscardSegmentedCustomSolver,4,90.4296875,100.0,0.02170138887683256,301,102.08417145721614,750.2034839848056,1232896
0,12,5,21,12,QtoSimplifyDiscardSegmentedCustomSolver,4,0.1953125,100.0,0.41780598923516166,298,87.87749103782699,617.6879928233102,1224704
0,13,5,21,12,QtoSimplifyDiscardSegmentedCustomSolver,4,1.953125,100.0,0.20122070302438963,269,119.54390841396526,698.383764450904,1105920
0,14,5,21,12,QtoSimplifyDiscardSegmentedCustomSolver,4,91.2109375,100.0,0.050585937466276036,301,104.39084419421852,667.9394029234536,1232896
0,15,5,21,12,QtoSimplifyDiscardSegmentedCustomSolver,4,42.67578125,100.0,0.04903371707945594,288,89.96053097303957,654.0022747502662,1183744
0,16,5,21,12,QtoSimplifyDiscardSegmentedCustomSolver,4,0,100.0,0.24812825500155977,301,122.90164631186053,716.37052877713,1232896
0,17,5,21,12,QtoSimplifyDiscardSegmentedCustomSolver,4,0,100.0,0.056537828917611666,301,95.25814350368455,650.3285695533268,1232896
0,18,5,21,12,QtoSimplifyDiscardSegmentedCustomSolver,4,17.67578125,100.0,0.13183593743722097,287,96.85457304352894,642.0672371792607,1179648
0,19,5,21,12,QtoSimplifyDiscardSegmentedCustomSolver,4,88.37890625,100.0,0.04836856614801849,301,108.48419544193894,673.2805978669785,1232896
0,20,5,21,12,QtoSimplifyDiscardSegmentedCustomSolver,4,0.1953125,100.0,0.0907628675936689,301,90.68914610426873,638.9605874908157,1232896
0,21,5,21,12,QtoSimplifyDiscardSegmentedCustomSolver,4,44.3359375,100.0,0.2650240382576738,265,91.51309311995283,651.7734917029738,1089536
0,22,5,21,12,QtoSimplifyDiscardSegmentedCustomSolver,4,96.77734375,100.0,0.03710937497145433,301,101.54283529240638,671.7825787826441,1232896
0,23,5,21,12,QtoSimplifyDiscardSegmentedCustomSolver,4,12.6953125,100.0,0.2524414061237793,301,140.77093732822686,745.3223769888282,1232896
0,24,5,21,12,QtoSimplifyDiscardSegmentedCustomSolver,4,91.796875,100.0,0.029736328110131834,301,92.55655242362991,647.4056902285665,1232896
0,25,5,21,12,QtoSimplifyDiscardSegmentedCustomSolver,4,40.8203125,100.0,0.08020019526237487,301,114.78907614341006,711.0256185065955,1232896
0,26,5,21,12,QtoSimplifyDiscardSegmentedCustomSolver,4,76.26953125,100.0,0.20166015604833984,301,92.69303424283862,729.5062847211957,1232896
0,27,5,21,12,QtoSimplifyDiscardSegmentedCustomSolver,4,47.265625,100.0,0.4352756073970691,233,120.8596410183236,709.8645793506876,958464
0,28,5,21,12,QtoSimplifyDiscardSegmentedCustomSolver,4,1.3671875,100.0,0.3449358256464744,218,67.2197768795304,493.43578270450234,897024
0,29,5,21,12,QtoSimplifyDiscardSegmentedCustomSolver,4,90.33203125,100.0,0.05185546869814453,270,76.00276828743517,588.2424820144661,1110016
0,30,5,21,12,QtoSimplifyDiscardSegmentedCustomSolver,4,0.09765625,100.0,0.1365017360352768,264,79.85725993104279,566.2759741558693,1085440
0,31,5,21,12,QtoSimplifyDiscardSegmentedCustomSolver,4,22.55859375,100.0,0.40584309862013074,301,155.93441864661872,767.9717814433388,1232896
0,32,5,21,12,QtoSimplifyDiscardSegmentedCustomSolver,4,24.70703125,100.0,0.10412597643234252,301,75.90237882034853,571.0238491273485,1232896
0,33,5,21,12,QtoSimplifyDiscardSegmentedCustomSolver,4,0.09765625,100.0,0.12016601556491699,270,89.43535067839548,626.2134942254052,1110016
0,34,5,21,12,QtoSimplifyDiscardSegmentedCustomSolver,4,9.1796875,100.0,0.7572699648570722,136,61.994846584275365,635.7220414848998,561152
0,35,5,21,12,QtoSimplifyDiscardSegmentedCustomSolver,4,0,100.0,0.1992187498671875,287,99.10193288559094,650.987612657249,1179648
0,36,5,21,12,QtoSimplifyDiscardSegmentedCustomSolver,4,57.6171875,100.0,0.0917358397864151,295,84.3932177699171,612.5857146899216,1212416
0,37,5,21,12,QtoSimplifyDiscardSegmentedCustomSolver,4,42.08984375,100.0,0.22101151304157288,301,128.73444261634722,710.8529761945829,1232896
0,38,5,21,12,QtoSimplifyDiscardSegmentedCustomSolver,4,43.359375,100.0,0.5549538347227692,301,124.38176091574132,715.9821369424462,1232896
0,39,5,21,12,QtoSimplifyDiscardSegmentedCustomSolver,4,0,100.0,0.07914402170471999,301,115.27391712274402,687.6160069275647,1232896
0,40,5,21,12,QtoSimplifyDiscardSegmentedCustomSolver,4,94.43359375,100.0,0.04698350689224055,276,80.70364968804643,585.4705343847163,1134592
0,41,5,21,12,QtoSimplifyDiscardSegmentedCustomSolver,4,94.82421875,100.0,0.033203124979248044,301,92.67164708301425,643.7871391233057,1232896
0,42,5,21,12,QtoSimplifyDiscardSegmentedCustomSolver,4,12.59765625,100.0,0.3358347037706133,251,105.8529527853243,672.7047381997108,1032192
0,43,5,21,12,QtoSimplifyDiscardSegmentedCustomSolver,4,8.49609375,100.0,0.396351207206204,157,82.4195824530907,565.0829285378568,647168
0,44,5,21,12,QtoSimplifyDiscardSegmentedCustomSolver,4,89.2578125,100.0,0.03785342260102218,301,111.34969313116744,689.4226627722383,1232896
0,45,5,21,12,QtoSimplifyDiscardSegmentedCustomSolver,4,27.734375,100.0,0.12451171870211088,228,85.47913081524894,612.3453037096187,937984
0,46,5,21,12,QtoSimplifyDiscardSegmentedCustomSolver,4,7.51953125,100.0,0.17101332710528627,301,116.80973500246182,706.4958324283361,1232896
0,47,5,21,12,QtoSimplifyDiscardSegmentedCustomSolver,4,35.05859375,100.0,0.04008556545710211,301,131.23626023950055,709.0287543837912,1232896
0,48,5,21,12,QtoSimplifyDiscardSegmentedCustomSolver,4,94.3359375,100.0,0.029541015606536863,301,103.74859266355634,678.7397696464323,1232896
0,49,5,21,12,QtoSimplifyDiscardSegmentedCustomSolver,4,47.0703125,100.0,0.22224934877312552,279,99.24557126499712,658.0198648869991,1146880
0,50,5,21,12,QtoSimplifyDiscardSegmentedCustomSolver,4,21.875,100.0,0.26765324498642057,301,132.4124901224859,723.4500661692582,1232896
0,51,5,21,12,QtoSimplifyDiscardSegmentedCustomSolver,4,2.83203125,100.0,1.4375976548124023,170,90.80444574635476,635.4429380577058,700416
0,52,5,21,12,QtoSimplifyDiscardSegmentedCustomSolver,4,80.859375,100.0,0.0807291666282242,301,135.77796813379973,714.3688935348764,1232896
0,53,5,21,12,QtoSimplifyDiscardSegmentedCustomSolver,4,61.1328125,100.0,0.12448601967132314,277,122.0126025415957,716.4770529125817,1138688
0,54,5,21,12,QtoSimplifyDiscardSegmentedCustomSolver,4,90.625,100.0,0.03422851560788574,301,91.32744329469278,635.3783415122889,1232896
0,55,5,21,12,QtoSimplifyDiscardSegmentedCustomSolver,4,91.6015625,100.0,0.08798828116201171,301,86.30712975049391,620.2044383627363,1232896
0,56,5,21,12,QtoSimplifyDiscardSegmentedCustomSolver,4,9.47265625,100.0,0.5168887864606536,126,45.946232279762626,373.1191648412496,520192
0,57,5,21,12,QtoSimplifyDiscardSegmentedCustomSolver,4,94.921875,100.0,0.021381578936114958,301,86.90701813297346,623.6491278070025,1232896
0,58,5,21,12,QtoSimplifyDiscardSegmentedCustomSolver,4,95.01953125,100.0,0.013269761021606022,301,104.99906612606719,687.3981046150438,1232896
0,59,5,21,12,QtoSimplifyDiscardSegmentedCustomSolver,4,66.015625,100.0,0.21175130196569372,285,98.45017122523859,633.8155823838897,1171456
0,60,5,21,12,QtoSimplifyDiscardSegmentedCustomSolver,4,97.265625,100.0,0.011848958325434027,301,88.22866978356615,615.7957545183599,1232896
0,61,5,21,12,QtoSimplifyDiscardSegmentedCustomSolver,4,46.97265625,100.0,0.05804177986606879,301,123.05767326941714,726.5000964137726,1232896
0,62,5,21,12,QtoSimplifyDiscardSegmentedCustomSolver,4,83.30078125,100.0,0.0378069196158522,271,82.47915697842836,616.7624788666144,1114112
0,63,5,21,12,QtoSimplifyDiscardSegmentedCustomSolver,4,44.23828125,100.0,0.49926757770894364,301,101.15007945243269,679.8133372613229,1232896
0,64,5,21,12,QtoSimplifyDiscardSegmentedCustomSolver,4,50.1953125,100.0,0.06488715274172936,301,108.06149450270459,748.2149558463134,1232896
0,65,5,21,12,QtoSimplifyDiscardSegmentedCustomSolver,4,94.43359375,100.0,0.02766927081488715,221,53.273896964266896,434.24489222979173,909312
0,66,5,21,12,QtoSimplifyDiscardSegmentedCustomSolver,4,0,100.0,0.22579520073157483,293,74.05038567306474,557.6958064306527,1204224
0,67,5,21,12,QtoSimplifyDiscardSegmentedCustomSolver,4,94.62890625,100.0,0.07672991060467156,301,78.7245598807931,571.4752525221556,1232896
0,68,5,21,12,QtoSimplifyDiscardSegmentedCustomSolver,4,86.42578125,100.0,0.10979352662886639,286,84.69699220173061,590.3598776673898,1175552
0,69,5,21,12,QtoSimplifyDiscardSegmentedCustomSolver,4,5.17578125,100.0,0.15406436004568363,202,64.07461219234392,476.6386413327418,831488
0,70,5,21,12,QtoSimplifyDiscardSegmentedCustomSolver,4,96.09375,100.0,0.011935763882257908,301,103.5026308875531,668.1696295896545,1232896
0,71,5,21,12,QtoSimplifyDiscardSegmentedCustomSolver,4,16.89453125,100.0,0.5461237976568278,276,104.72995638474822,662.0159453325905,1134592
0,72,5,21,12,QtoSimplifyDiscardSegmentedCustomSolver,4,8.984375,100.0,0.21425781235716146,278,80.41687523387372,542.8911778982729,1142784
0,73,5,21,12,QtoSimplifyDiscardSegmentedCustomSolver,4,63.8671875,100.0,0.22210693345493315,301,95.48566771345213,633.0977888274938,1232896
0,74,5,21,12,QtoSimplifyDiscardSegmentedCustomSolver,4,30.46875,100.0,0.36878551102837676,198,80.91730597615242,564.3924911781214,815104
0,75,5,21,12,QtoSimplifyDiscardSegmentedCustomSolver,4,34.765625,100.0,0.1898437498734375,301,139.46713530877605,753.6753482972272,1232896
0,76,5,21,12,QtoSimplifyDiscardSegmentedCustomSolver,4,83.7890625,100.0,0.024135044625617823,301,96.01223082281649,651.5114597072825,1232896
0,77,5,21,12,QtoSimplifyDiscardSegmentedCustomSolver,4,0.1953125,100.0,0.13061523432057698,301,116.93511131359264,680.0269577144645,1232896
0,78,5,21,12,QtoSimplifyDiscardSegmentedCustomSolver,4,96.2890625,100.0,0.012867647051254325,301,96.21804150985554,642.1933634667657,1232896
0,79,5,21,12,QtoSimplifyDiscardSegmentedCustomSolver,4,95.01953125,100.0,0.03526475692485291,301,112.36059823725373,684.9817787567154,1232896
0,80,5,21,12,QtoSimplifyDiscardSegmentedCustomSolver,4,82.6171875,100.0,0.031404194062418844,261,84.50282777100801,704.220780950971,1073152
0,81,5,21,12,QtoSimplifyDiscardSegmentedCustomSolver,4,96.09375,100.0,0.026421440957543642,287,77.49277582159266,577.3648637873121,1179648
0,82,5,21,12,QtoSimplifyDiscardSegmentedCustomSolver,4,0.1953125,100.0,0.1706814235162881,301,103.67313321772963,670.1568560115993,1232896
0,83,5,21,12,QtoSimplifyDiscardSegmentedCustomSolver,4,7.91015625,100.0,0.32751464823280335,301,68.43935344694182,524.472562586423,1232896
0,84,5,21,12,QtoSimplifyDiscardSegmentedCustomSolver,4,94.140625,100.0,0.003859747021971549,301,60.95662179030478,483.56207726942375,1232896
0,85,5,21,12,QtoSimplifyDiscardSegmentedCustomSolver,4,91.2109375,100.0,0.04721966908987078,301,119.15252686385065,702.5383722921833,1232896
0,86,5,21,12,QtoSimplifyDiscardSegmentedCustomSolver,4,21.2890625,100.0,0.31482514865960703,301,101.05949330050498,663.4694918938912,1232896
0,87,5,21,12,QtoSimplifyDiscardSegmentedCustomSolver,4,64.94140625,100.0,0.10754394524528503,301,118.54608329292387,700.4847287517041,1232896
0,88,5,21,12,QtoSimplifyDiscardSegmentedCustomSolver,4,92.67578125,100.0,0.02177159925189906,296,68.6246899664402,503.12175711477175,1216512
0,89,5,21,12,QtoSimplifyDiscardSegmentedCustomSolver,4,80.2734375,100.0,0.052943638355040255,301,146.62010954832658,863.7852951548994,1232896
0,90,5,21,12,QtoSimplifyDiscardSegmentedCustomSolver,4,0,100.0,0.07589285708864796,276,65.96976775070652,509.38482953142375,1134592
0,91,5,21,12,QtoSimplifyDiscardSegmentedCustomSolver,4,77.9296875,100.0,0.06575520829680266,301,84.61101316520944,613.9018844026141,1232896
0,92,5,21,12,QtoSimplifyDiscardSegmentedCustomSolver,4,94.62890625,100.0,0.019473805135603643,301,88.20127618825063,643.7933181729168,1232896
0,93,5,21,12,QtoSimplifyDiscardSegmentedCustomSolver,4,14.84375,100.0,0.10429687494785156,267,95.54127291403711,660.1203164388426,1097728
0,94,5,21,12,QtoSimplifyDiscardSegmentedCustomSolver,4,93.65234375,100.0,0.03033088233509948,301,96.40579080814496,641.112608095631,1232896
0,95,5,21,12,QtoSimplifyDiscardSegmentedCustomSolver,4,0,100.0,0.3619559149200315,301,127.00297527574003,707.4542834642343,1232896
0,96,5,21,12,QtoSimplifyDiscardSegmentedCustomSolver,4,45.80078125,100.0,0.13484074508858404,301,137.67266166210175,725.7673636479303,1232896
0,97,5,21,12,QtoSimplifyDiscardSegmentedCustomSolver,4,96.875,100.0,0.021298363085096018,252,60.07319109188393,464.6635908843018,1036288
0,98,5,21,12,QtoSimplifyDiscardSegmentedCustomSolver,4,66.015625,100.0,0.12590144221084504,301,152.85303217731416,846.295402939897,1232896
0,99,5,21,12,QtoSimplifyDiscardSegmentedCustomSolver,4,0,100.0,0.17187499986778845,202,59.721637171693146,424.9587393151596,831488
