pkid,pbid,layers,variables,constraints,method,best_solution_probs,in_constraints_probs,ARG,iteration_count,classcial,quantum,run_times
0,0,5,6,3,ChocoSolver,69.43359375,100.0,0.2839133520146242,301,1.6204253020696342,7.2001722999848425,308224
0,1,5,6,3,ChocoSolver,96.97265625,100.0,0.036458333211805555,301,1.496910497546196,7.081646159291267,308224
0,2,5,6,3,ChocoSolver,90.8203125,100.0,0.058105468677368155,301,1.765045564621687,6.1759786191396415,285696
0,3,5,6,3,ChocoSolver,98.6328125,100.0,0.015299479141167536,301,1.1302141682244837,6.613659446593374,308224
0,4,5,6,3,ChocoSolver,74.51171875,100.0,0.33021763345683197,301,1.5709245689213276,6.331194218248129,289792
0,5,5,6,3,ChocoSolver,98.92578125,100.0,0.012695312484130859,301,1.2060203049331903,6.800768060144037,307200
0,6,5,6,3,ChocoSolver,99.31640625,100.0,0.020263671824340822,301,1.4822827694006264,6.713918300811201,307200
0,7,5,6,3,ChocoSolver,94.23828125,100.0,0.04225852268885589,301,2.3494535121135414,6.970730475150049,308224
0,8,5,6,3,ChocoSolver,99.90234375,100.0,0.0029296874926757815,301,1.5486439797095954,6.4951997408643365,297984
0,9,5,6,3,ChocoSolver,94.62890625,100.0,0.047973632752532955,301,2.3191803260706365,6.961009036749601,308224
0,10,5,6,3,ChocoSolver,74.51171875,100.0,0.3611328117777344,301,1.8944255667738616,6.666005890350789,304128
0,11,5,6,3,ChocoSolver,99.4140625,100.0,0.004557291661603009,301,0.8021913869306445,6.559659752994776,306176
0,12,5,6,3,ChocoSolver,94.62890625,100.0,0.13623046840942382,301,1.5536734103225172,6.732840682379901,307200
0,13,5,6,3,ChocoSolver,77.63671875,100.0,0.05029296870808919,301,1.7774703945033252,6.57689124206081,304128
0,14,5,6,3,ChocoSolver,89.74609375,100.0,0.031808035668845665,301,1.5959547483362257,6.755168729927391,308224
0,15,5,6,3,ChocoSolver,99.609375,100.0,0.00062144886307141,301,1.16342016402632,6.754419933073223,308224
0,16,5,6,3,ChocoSolver,98.4375,100.0,0.013563368040485146,301,1.809211309067905,7.088505029678345,308224
0,17,5,6,3,ChocoSolver,98.6328125,100.0,0.006347656244710286,301,1.1474593179300427,6.824760382995009,308224
0,18,5,6,3,ChocoSolver,98.53515625,100.0,0.006835937493785511,301,1.0883915391750634,6.756769070867449,308224
0,19,5,6,3,ChocoSolver,99.90234375,100.0,0.0009765624975585938,301,1.2906797928735614,6.777307882905006,308224
0,20,5,6,3,ChocoSolver,87.6953125,100.0,0.03533380678606017,301,1.5237231170758605,6.71172258304432,308224
0,21,5,6,3,ChocoSolver,91.50390625,100.0,0.11503906226992187,301,0.9787692460231483,6.876443296670914,308224
0,22,5,6,3,ChocoSolver,98.92578125,100.0,0.007136418263741217,301,1.6542521454393864,7.184968071524054,308224
0,23,5,6,3,ChocoSolver,89.6484375,100.0,0.07088216139926486,301,1.966239423956722,6.762794160284102,291840
0,24,5,6,3,ChocoSolver,78.7109375,100.0,0.022017045434529956,301,1.544856257736683,7.083293180447072,308224
0,25,5,6,3,ChocoSolver,99.31640625,100.0,0.0010742187489257812,301,1.645013365894556,7.078568111173809,307200
0,26,5,6,3,ChocoSolver,88.0859375,100.0,0.1460937497078125,301,1.736941345501691,6.7177595207467675,308224
0,27,5,6,3,ChocoSolver,94.140625,100.0,0.016113281209716796,301,1.8586742584593594,6.799025691580027,308224
0,28,5,6,3,ChocoSolver,89.94140625,100.0,0.0803710936696289,301,1.614009897224605,7.172179164830595,308224
0,29,5,6,3,ChocoSolver,99.4140625,100.0,0.004882812491861979,301,1.6485006394796073,7.212493428494781,306176
0,30,5,6,3,ChocoSolver,79.19921875,100.0,0.35175781179648435,301,1.8489537006244063,7.169811267405748,308224
0,31,5,6,3,ChocoSolver,86.03515625,100.0,0.03190104163122106,301,1.4107722491025925,6.939101913943887,294912
0,32,5,6,3,ChocoSolver,99.0234375,100.0,0.015345982120934312,301,1.8882640996016562,7.136082490440458,306176
0,33,5,6,3,ChocoSolver,67.578125,100.0,0.06871448857389592,301,1.409256557468325,7.183574829716235,308224
0,34,5,6,3,ChocoSolver,33.59375,100.0,0.10449218742536272,301,1.9323504962958395,7.210865943692625,308224
0,35,5,6,3,ChocoSolver,63.8671875,100.0,0.11021205341398278,301,1.6410426804795861,6.967279918957502,296960
0,36,5,6,3,ChocoSolver,93.06640625,100.0,0.015407986093991126,301,1.330234494060278,7.226908043958247,308224
0,37,5,6,3,ChocoSolver,97.265625,100.0,0.011914062488085936,301,1.8539309338666499,7.162310421001166,308224
0,38,5,6,3,ChocoSolver,99.12109375,100.0,0.003906249996448863,301,1.6246967618353665,7.223119214177132,308224
0,39,5,6,3,ChocoSolver,94.43359375,100.0,0.06738281240373883,301,1.597907392308116,7.127718231640756,307200
0,40,5,6,3,ChocoSolver,97.8515625,100.0,0.016967773416290282,301,1.8044486483559012,6.902417519595474,307200
0,41,5,6,3,ChocoSolver,84.27734375,100.0,0.0973632811526367,301,1.8227181830443442,7.1270307982340455,308224
0,42,5,6,3,ChocoSolver,98.53515625,100.0,0.0388183592779541,301,1.76869663503021,6.685161918867379,303104
0,43,5,6,3,ChocoSolver,76.3671875,100.0,0.2516276037472873,301,1.3738175733014941,6.934802915900946,308224
0,44,5,6,3,ChocoSolver,92.578125,100.0,0.02954101558807373,301,0.8720243060961366,7.128412297926843,304128
0,45,5,6,3,ChocoSolver,93.1640625,100.0,0.12402343718994141,301,1.1176952230744064,6.568303702864796,288768
0,46,5,6,3,ChocoSolver,97.8515625,100.0,0.008263221147489829,301,1.3514542868360877,6.609815367497504,288768
0,47,5,6,3,ChocoSolver,91.69921875,100.0,0.10416666649305556,301,1.9362551220692694,7.020926345139742,302080
0,48,5,6,3,ChocoSolver,99.70703125,100.0,0.0020507812479492187,301,1.463859926443547,7.321112312376499,308224
0,49,5,6,3,ChocoSolver,99.0234375,100.0,0.008928571415816327,301,1.2587338089942932,6.8348085465840995,308224
0,50,5,6,3,ChocoSolver,81.54296875,100.0,0.21061197846462673,301,1.8051562965847552,7.186856613494456,308224
0,51,5,6,3,ChocoSolver,97.0703125,100.0,0.05403645824327257,301,1.6721490141935647,6.956799491774291,306176
0,52,5,6,3,ChocoSolver,100.0,100.0,0.0,301,1.4600864904932678,6.811802211217582,307200
0,53,5,6,3,ChocoSolver,98.14453125,100.0,0.02221679681945801,301,1.8949361220002174,7.142894718796015,307200
0,54,5,6,3,ChocoSolver,87.40234375,100.0,0.06604003897994995,301,1.5359757388941944,6.943952626083046,308224
0,55,5,6,3,ChocoSolver,44.43359375,100.0,0.05192057287339952,301,0.8777306829579175,6.4042931706644595,291840
0,56,5,6,3,ChocoSolver,95.1171875,100.0,0.0044320913427445445,301,1.1637908853590488,7.3735487926751375,308224
0,57,5,6,3,ChocoSolver,98.046875,100.0,0.008300781236165365,301,1.7135600787587464,7.1249028304591775,307200
0,58,5,6,3,ChocoSolver,90.72265625,100.0,0.10672433020467953,301,1.4381680595688522,6.804448541253805,308224
0,59,5,6,3,ChocoSolver,92.08984375,100.0,0.01757812498535156,301,1.336519128177315,7.412772295065224,306176
0,60,5,6,3,ChocoSolver,99.609375,100.0,0.0047743055502507716,301,1.3380068121477962,7.321501195896417,308224
0,61,5,6,3,ChocoSolver,93.65234375,100.0,0.05158025563492703,301,1.3975201537832618,6.799080184660852,308224
0,62,5,6,3,ChocoSolver,99.51171875,100.0,0.0030381944410686726,301,1.2526559988036752,7.225212186109275,305152
0,63,5,6,3,ChocoSolver,93.9453125,100.0,0.10273437479453125,301,1.7171324114315212,6.91246834397316,299008
0,64,5,6,3,ChocoSolver,95.3125,100.0,0.0942382810144043,301,1.5707088466733694,5.588893826585263,308224
0,65,5,6,3,ChocoSolver,92.578125,100.0,0.0736607141804847,301,1.0688528018072248,5.558873795904219,308224
0,66,5,6,3,ChocoSolver,77.05078125,100.0,0.2792968745345052,301,1.6018302636221051,5.270695581566542,294912
0,67,5,6,3,ChocoSolver,83.7890625,100.0,0.026977539028778072,301,1.5876959501765668,5.4017055607400835,307200
0,68,5,6,3,ChocoSolver,97.265625,100.0,0.08242187483515626,301,1.0452668704092503,5.230105015449226,292864
0,69,5,6,3,ChocoSolver,98.33984375,100.0,0.010172526033189562,301,0.7174694980494678,5.600097260903567,308224
0,70,5,6,3,ChocoSolver,95.3125,100.0,0.03442382808197021,301,1.6830449979752302,5.335345583036542,307200
0,71,5,6,3,ChocoSolver,87.40234375,100.0,0.15152994766411676,301,1.5971309603191912,5.1399392816238105,306176
0,72,5,6,3,ChocoSolver,83.10546875,100.0,0.1914062497265625,301,1.2356847282499075,5.384133875835687,307200
0,73,5,6,3,ChocoSolver,86.9140625,100.0,0.060825892770248725,301,1.715715492144227,5.30925663607195,307200
0,74,5,6,3,ChocoSolver,99.12109375,100.0,0.003906249997395833,301,1.3114545946009457,5.346193109638989,307200
0,75,5,6,3,ChocoSolver,73.6328125,100.0,0.13195800764755247,301,1.8495884141884744,5.224119132850319,308224
0,76,5,6,3,ChocoSolver,82.421875,100.0,0.12239583323133679,301,1.8833961957134306,5.244353721383959,308224
0,77,5,6,3,ChocoSolver,59.47265625,100.0,0.12426757781433105,301,1.799824164249003,5.070383074693382,293888
0,78,5,6,3,ChocoSolver,77.5390625,100.0,0.07877604157913773,301,1.488475765567273,5.114782224409282,295936
0,79,5,6,3,ChocoSolver,91.89453125,100.0,0.06738281241577147,301,0.8959050080738962,5.373425441794097,308224
0,80,5,6,3,ChocoSolver,63.671875,100.0,0.2789062494421875,301,1.0687576862983406,5.316512880846858,308224
0,81,5,6,3,ChocoSolver,98.14453125,100.0,0.012695312485894096,301,0.7117755864746869,3.5738120079040527,308224
0,82,5,6,3,ChocoSolver,98.2421875,100.0,0.008246527768614969,301,1.5625708363950253,4.834873374551535,279552
0,83,5,6,3,ChocoSolver,65.72265625,100.0,0.02657645087387396,301,1.6994594358839095,4.10956879099831,306176
0,84,5,6,3,ChocoSolver,86.71875,100.0,0.49446614418511287,301,1.7402988183312118,4.408534866757691,302080
0,85,5,6,3,ChocoSolver,94.921875,100.0,0.16015624919921875,301,1.546199302189052,3.5822214148938656,308224
0,86,5,6,3,ChocoSolver,60.9375,100.0,0.21411132794657387,301,1.7256671474315226,3.4654951565898955,307200
0,87,5,6,3,ChocoSolver,98.2421875,100.0,0.014322916618923612,301,1.335965460166335,5.223322120960802,308224
0,88,5,6,3,ChocoSolver,86.03515625,100.0,0.15637207011703488,301,1.713814899791032,5.011376554146409,308224
0,89,5,6,3,ChocoSolver,95.99609375,100.0,0.014811197891981338,301,0.8525621048174798,5.256179110147059,308224
0,90,5,6,3,ChocoSolver,94.140625,100.0,0.07788085927764891,301,1.803933366201818,5.051371105480939,308224
0,91,5,6,3,ChocoSolver,99.0234375,100.0,0.0075461647658671225,301,1.7526400340721011,5.031955781858414,308224
0,92,5,6,3,ChocoSolver,98.73046875,100.0,0.02246093742513021,301,1.6672340696677566,3.3347054752521217,306176
0,93,5,6,3,ChocoSolver,95.60546875,100.0,0.02841796872158203,301,1.7905199476517737,3.493945188354701,308224
0,94,5,6,3,ChocoSolver,89.94140625,100.0,0.16438802028537328,301,1.6013416815549135,4.980010850355029,304128
0,95,5,6,3,ChocoSolver,90.8203125,100.0,0.16230468717539062,301,1.4443486663512886,3.3187485304661095,306176
0,96,5,6,3,ChocoSolver,89.0625,100.0,0.2584635408051215,301,1.2641954054124653,4.987023831810802,305152
0,97,5,6,3,ChocoSolver,92.28515625,100.0,0.06435546868564453,301,1.691002821084112,3.2780574588105083,305152
0,98,5,6,3,ChocoSolver,99.609375,100.0,0.0006510416655815972,301,1.621547601185739,3.261298669036478,299008
0,99,5,6,3,ChocoSolver,87.20703125,100.0,0.02734374996582031,301,1.7059105983935297,3.3551312633790076,308224
0,0,5,6,3,QtoSimplifySolver,99.90234375,100.0,0.0007990056810918129,301,0.7444723802618682,6.6092574070207775,284672
0,1,5,6,3,QtoSimplifySolver,100.0,100.0,0.0,301,0.749522247351706,7.18626625277102,306176
0,2,5,6,3,QtoSimplifySolver,99.90234375,100.0,0.0006103515617370605,301,0.6978208967484534,7.2720764903351665,308224
0,3,5,6,3,QtoSimplifySolver,99.70703125,100.0,0.0029296874951171875,301,0.7713967654854059,6.387841299641877,278528
0,4,5,6,3,QtoSimplifySolver,99.70703125,100.0,0.002929687495814732,301,0.5338826957158744,6.115781607571989,266240
0,5,5,6,3,QtoSimplifySolver,99.90234375,100.0,0.0004882812493896484,301,0.5244190152734518,7.204531479626894,308224
0,6,5,6,3,QtoSimplifySolver,99.90234375,100.0,0.00317382811706543,301,0.7404839037917554,7.210153171326965,308224
0,7,5,6,3,QtoSimplifySolver,96.6796875,100.0,0.019442471573234116,301,1.0678814970888197,6.196675176732242,267264
0,8,5,6,3,QtoSimplifySolver,99.90234375,100.0,0.0029296874926757815,301,0.7638203501701355,7.398721790872514,308224
0,9,5,6,3,QtoSimplifySolver,99.51171875,100.0,0.005004882806243896,301,0.8174445363692939,7.233314756769687,306176
0,10,5,6,3,QtoSimplifySolver,99.90234375,100.0,0.001757812496484375,301,0.7248873636126518,6.899938279297203,291840
0,11,5,6,3,QtoSimplifySolver,96.6796875,100.0,0.02235243053071952,301,0.9891795683652163,6.515969827771187,274432
0,12,5,6,3,QtoSimplifySolver,99.90234375,100.0,0.0034179687414550783,301,0.557013364508748,6.8447763486765325,288768
0,13,5,6,3,QtoSimplifySolver,90.8203125,100.0,0.015462239570448132,301,0.8715044045820832,6.407950292341411,272384
0,14,5,6,3,QtoSimplifySolver,100.0,100.0,0.0,301,0.4725442719645798,6.556806126143783,277504
0,15,5,6,3,QtoSimplifySolver,94.43359375,100.0,0.005060369313581482,301,0.8024712442420423,7.196551758795977,303104
0,16,5,6,3,QtoSimplifySolver,99.90234375,100.0,0.0008680555545910493,301,0.8353634364902973,7.320440295152366,308224
0,17,5,6,3,QtoSimplifySolver,99.8046875,100.0,0.0008138020826551649,301,0.8294085408560932,6.813251459039748,282624
0,18,5,6,3,QtoSimplifySolver,99.51171875,100.0,0.00248579545228564,301,1.085453450679779,6.7826724839396775,285696
0,19,5,6,3,QtoSimplifySolver,99.90234375,100.0,0.0009765624975585938,301,0.518356685526669,7.3975490015000105,308224
0,20,5,6,3,QtoSimplifySolver,99.70703125,100.0,0.0015092329531734244,301,1.0716943931765854,6.9804385784082115,280576
0,21,5,6,3,QtoSimplifySolver,99.609375,100.0,0.004687499990625,301,0.7380010839551687,6.247576107271016,259072
0,22,5,6,3,QtoSimplifySolver,98.828125,100.0,0.006760817302491679,301,1.4701215792447329,6.881813831627369,280576
0,23,5,6,3,QtoSimplifySolver,93.1640625,100.0,0.021565755190361868,301,1.5034392955712974,7.1483763116411865,299008
0,24,5,6,3,QtoSimplifySolver,99.8046875,100.0,0.0007102272720816115,301,1.1184781505726278,6.8157312804833055,270336
0,25,5,6,3,QtoSimplifySolver,98.14453125,100.0,0.003027343746972656,301,1.1302511380054057,6.780112439300865,275456
0,26,5,6,3,QtoSimplifySolver,99.8046875,100.0,0.004687499990625,301,0.7908806367777288,7.106513288337737,292864
0,27,5,6,3,QtoSimplifySolver,99.21875,100.0,0.0034179687414550783,301,1.1512787425890565,6.797169748693705,276480
0,28,5,6,3,QtoSimplifySolver,99.8046875,100.0,0.0009765624990234374,301,0.5840475498698652,6.054538863245398,249856
0,29,5,6,3,QtoSimplifySolver,99.90234375,100.0,0.0008138020819769966,301,0.8864194415509701,6.884462114423513,275456
0,30,5,6,3,QtoSimplifySolver,99.8046875,100.0,0.0019531249960937501,301,0.9240032625384629,7.311817794572562,296960
0,31,5,6,3,QtoSimplifySolver,6.640625,100.0,0.2074652775472608,301,0.960246795322746,7.09632918657735,278528
0,32,5,6,3,QtoSimplifySolver,99.31640625,100.0,0.005859374991629464,301,0.85923559544608,7.30978510947898,290816
0,33,5,6,3,QtoSimplifySolver,99.0234375,100.0,0.002041903407234633,301,0.5925443703308702,6.884371805470437,276480
0,34,5,6,3,QtoSimplifySolver,99.51171875,100.0,0.0023716517840202487,301,0.8726359056308866,6.602488536387682,268288
0,35,5,6,3,QtoSimplifySolver,2.34375,100.0,0.1400669640856186,301,1.1496200379915535,6.8562251245602965,274432
0,36,5,6,3,QtoSimplifySolver,100.0,100.0,0.0,301,0.3343914248980582,5.548267504200339,221184
0,37,5,6,3,QtoSimplifySolver,99.90234375,100.0,0.000390624999609375,301,0.7676049298606813,7.822038032114506,308224
0,38,5,6,3,QtoSimplifySolver,100.0,100.0,0.0,301,0.5830258699133992,5.246362471021712,215040
0,39,5,6,3,QtoSimplifySolver,100.0,100.0,0.0,301,0.44666112028062344,5.14344639563933,212992
0,40,5,6,3,QtoSimplifySolver,100.0,100.0,0.0,301,1.0248262896202505,7.401601049583405,295936
0,41,5,6,3,QtoSimplifySolver,99.4140625,100.0,0.005273437494726562,301,0.8530303756706417,7.072343210224062,281600
0,42,5,6,3,QtoSimplifySolver,97.265625,100.0,0.07226562481933593,301,1.1929376116022468,6.887552220374346,270336
0,43,5,6,3,QtoSimplifySolver,97.65625,100.0,0.03515624994140625,301,1.061335320584476,7.044411778450012,278528
0,44,5,6,3,QtoSimplifySolver,100.0,100.0,0.0,301,0.8455916130915284,7.651609433814883,308224
0,45,5,6,3,QtoSimplifySolver,99.90234375,100.0,0.00317382811706543,301,0.8354628263041377,7.590568668674678,306176
0,46,5,6,3,QtoSimplifySolver,99.90234375,100.0,0.00037560096124953767,301,0.8988421456888318,7.184158010408282,286720
0,47,5,6,3,QtoSimplifySolver,100.0,100.0,0.0,301,0.7329712645150721,7.41272187884897,303104
0,48,5,6,3,QtoSimplifySolver,100.0,100.0,0.0,301,0.8751497925259173,6.391727057285607,259072
0,49,5,6,3,QtoSimplifySolver,99.609375,100.0,0.004603794636280294,301,0.9097223430871964,6.822770865634084,278528
0,50,5,6,3,QtoSimplifySolver,99.8046875,100.0,0.003906249986979167,301,0.9102922505699098,6.8889550706371665,268288
0,51,5,6,3,QtoSimplifySolver,99.51171875,100.0,0.008951822901746962,301,0.994976719841361,6.959351905155927,281600
0,52,5,6,3,QtoSimplifySolver,99.609375,100.0,0.0019531249987792968,301,1.0957312267273664,7.0913484073244035,278528
0,53,5,6,3,QtoSimplifySolver,99.8046875,100.0,0.0014648437463378908,301,0.5740532204508781,7.41408900776878,303104
0,54,5,6,3,QtoSimplifySolver,99.609375,100.0,0.0019531249975585935,301,0.8882545619271696,6.753690087236464,272384
0,55,5,6,3,QtoSimplifySolver,97.4609375,100.0,0.002360026039699978,301,1.2288788231089711,7.310189919080585,282624
0,56,5,6,3,QtoSimplifySolver,98.92578125,100.0,0.0015024038449981507,301,0.9482867936603725,7.025043252389878,286720
0,57,5,6,3,QtoSimplifySolver,98.33984375,100.0,0.005533854157443577,301,0.8001752621494234,6.512423207052052,267264
0,58,5,6,3,QtoSimplifySolver,99.4140625,100.0,0.010881696413026148,301,1.4328266875818372,7.411517273169011,302080
0,59,5,6,3,QtoSimplifySolver,94.43359375,100.0,0.00927734374226888,301,0.811446730978787,7.453602962195873,294912
0,60,5,6,3,QtoSimplifySolver,99.90234375,100.0,0.0010850694432388117,301,0.9110367833636701,7.379287362564355,308224
0,61,5,6,3,QtoSimplifySolver,99.4140625,100.0,0.0021306818162448345,301,0.9437048640102148,7.073872935958207,287744
0,62,5,6,3,QtoSimplifySolver,97.55859375,100.0,0.0167100694258777,301,1.144961426500231,6.723596724681556,271360
0,63,5,6,3,QtoSimplifySolver,99.12109375,100.0,0.01367187497265625,301,1.1783860768191516,6.70060454076156,274432
0,64,5,6,3,QtoSimplifySolver,98.53515625,100.0,0.02709960930725098,301,1.2854712079279125,4.54278119886294,264192
0,65,5,6,3,QtoSimplifySolver,99.8046875,100.0,0.002511160710698342,301,1.2770625059492886,4.573067500256002,272384
0,66,5,6,3,QtoSimplifySolver,99.51171875,100.0,0.004882812491861979,301,0.9684898587875068,4.655298143159598,273408
0,67,5,6,3,QtoSimplifySolver,0.09765625,100.0,0.1260986326548767,301,1.3042616117745638,4.581478946842253,288768
0,68,5,6,3,QtoSimplifySolver,99.70703125,100.0,0.005273437489453125,301,0.978218094445765,4.387706829700619,280576
0,69,5,6,3,QtoSimplifySolver,99.51171875,100.0,0.0024414062479654946,301,0.9859954728744924,4.097759114112705,265216
0,70,5,6,3,QtoSimplifySolver,99.8046875,100.0,0.0009765624987792968,301,0.47435440542176366,4.247848521918058,276480
0,71,5,6,3,QtoSimplifySolver,98.4375,100.0,0.022786458295355902,301,1.4440183364786208,4.172593062743545,280576
0,72,5,6,3,QtoSimplifySolver,98.4375,100.0,0.020089285685586735,301,1.1739763556979597,4.193829841911793,279552
0,73,5,6,3,QtoSimplifySolver,99.51171875,100.0,0.003906249994419643,301,1.2650001477450132,4.377138116396964,296960
0,74,5,6,3,QtoSimplifySolver,99.70703125,100.0,0.0024739583316840275,301,0.926135029643774,4.1359408143907785,275456
0,75,5,6,3,QtoSimplifySolver,99.51171875,100.0,0.0020751953099060055,301,0.9264372494071722,4.098679172806442,279552
0,76,5,6,3,QtoSimplifySolver,99.70703125,100.0,0.0019531249983723957,301,1.1052513346076012,3.9154791133478284,270336
0,77,5,6,3,QtoSimplifySolver,97.65625,100.0,0.005859374985351563,301,0.9922995823435485,3.9835382546298206,274432
0,78,5,6,3,QtoSimplifySolver,99.609375,100.0,0.00282118055242091,301,0.8751021949574351,3.9133257982321084,265216
0,79,5,6,3,QtoSimplifySolver,99.70703125,100.0,0.002563476559295654,301,1.0941604701802135,4.085909627843648,289792
0,80,5,6,3,QtoSimplifySolver,99.8046875,100.0,0.0039062499921875002,301,0.9701498947106302,3.8947639353573322,273408
0,81,5,6,3,QtoSimplifySolver,99.31640625,100.0,0.005316840271870177,301,0.9928508047014475,4.019929262343794,281600
0,82,5,6,3,QtoSimplifySolver,99.609375,100.0,0.0018446180535059797,301,0.7385859820060432,4.033758157864213,283648
0,83,5,6,3,QtoSimplifySolver,100.0,100.0,0.0,301,0.8296876093372703,4.32417361298576,308224
0,84,5,6,3,QtoSimplifySolver,97.8515625,100.0,0.10123697882921007,301,1.1311014234088361,3.821531305555254,277504
0,85,5,6,3,QtoSimplifySolver,99.90234375,100.0,0.0034179687329101566,301,0.8721649535000324,4.166413537692279,308224
0,86,5,6,3,QtoSimplifySolver,99.12109375,100.0,0.009521484367065429,301,1.3540606531314552,3.7503162645734847,274432
0,87,5,6,3,QtoSimplifySolver,99.4140625,100.0,0.009765624967447917,301,1.1331223780289292,3.9133762628771365,285696
0,88,5,6,3,QtoSimplifySolver,99.90234375,100.0,0.0013427734358215332,301,0.956687571015209,3.781617941800505,274432
0,89,5,6,3,QtoSimplifySolver,98.53515625,100.0,0.010579427065700956,301,1.2964673028327525,3.7040165192447603,271360
0,90,5,6,3,QtoSimplifySolver,99.4140625,100.0,0.008300781239624022,301,1.0329709430225194,3.7545989248901606,276480
0,91,5,6,3,QtoSimplifySolver,99.90234375,100.0,0.00035511363604080574,301,0.47213540272787213,3.586496001575142,256000
0,92,5,6,3,QtoSimplifySolver,100.0,100.0,0.0,301,0.5031140865758061,4.149089281447232,308224
0,93,5,6,3,QtoSimplifySolver,99.21875,100.0,0.005468749994531249,301,1.0982049871236086,3.661560834851116,274432
0,94,5,6,3,QtoSimplifySolver,98.53515625,100.0,0.023763020754123263,301,1.0253852931782603,3.6618557679466903,267264
0,95,5,6,3,QtoSimplifySolver,99.31640625,100.0,0.012499999975,301,1.0705583430826664,3.644844133872539,274432
0,96,5,6,3,QtoSimplifySolver,99.90234375,100.0,0.0019531249934895834,301,0.869769349694252,4.025681894272566,308224
0,97,5,6,3,QtoSimplifySolver,100.0,100.0,0.0,301,0.7067585177719593,3.7699106922373176,276480
0,98,5,6,3,QtoSimplifySolver,99.90234375,100.0,0.0001627604163953993,301,0.6921870857477188,2.7925361241213977,197632
0,99,5,6,3,QtoSimplifySolver,98.046875,100.0,0.002563476559295654,301,1.320967176463455,3.7908306033350527,293888
0,0,5,6,3,QtoSimplifyDiscardSolver,100.0,100.0,0.0,156,0.37801422644406557,1.6469497154466808,81920
0,1,5,6,3,QtoSimplifyDiscardSolver,99.90234375,100.0,0.0009765624967447917,264,0.3581557236611843,1.8657609014771879,92160
0,2,5,6,3,QtoSimplifyDiscardSolver,100.0,100.0,0.0,127,0.32715187408030033,1.0110483816824853,52224
0,3,5,6,3,QtoSimplifyDiscardSolver,100.0,100.0,0.0,228,0.36091144708916545,1.1347939199768007,54272
0,4,5,6,3,QtoSimplifyDiscardSolver,99.609375,100.0,0.005022321421396684,172,0.5016340808942914,2.2187586249783635,98304
0,5,5,6,3,QtoSimplifyDiscardSolver,100.0,100.0,0.0,128,0.3222460779361427,1.0307897860184312,53248
0,6,5,6,3,QtoSimplifyDiscardSolver,99.90234375,100.0,0.0019531249951171875,165,0.3716669576242566,2.0536589734256268,92160
0,7,5,6,3,QtoSimplifyDiscardSolver,99.90234375,100.0,0.00062144886307141,174,0.48111946880817413,2.2577174310572445,100352
0,8,5,6,3,QtoSimplifyDiscardSolver,100.0,100.0,0.0,127,0.4186276001855731,1.1159856598824263,51200
0,9,5,6,3,QtoSimplifyDiscardSolver,99.609375,100.0,0.002441406246948242,271,0.36930976156145334,2.1172318374738097,102400
0,10,5,6,3,QtoSimplifyDiscardSolver,99.90234375,100.0,0.001757812496484375,169,0.4618831155821681,2.240096013993025,94208
0,11,5,6,3,QtoSimplifyDiscardSolver,100.0,100.0,0.0,235,0.3549227835610509,1.3099139062687755,65536
0,12,5,6,3,QtoSimplifyDiscardSolver,100.0,100.0,0.0,127,0.3495950875803828,1.0751295303925872,52224
0,13,5,6,3,QtoSimplifyDiscardSolver,99.70703125,100.0,0.0008138020826551649,271,0.5352195492014289,2.1642863820306957,101376
0,14,5,6,3,QtoSimplifyDiscardSolver,100.0,100.0,0.0,141,0.3902398543432355,1.4593057809397578,66560
0,15,5,6,3,QtoSimplifyDiscardSolver,98.53515625,100.0,0.0013316761351530215,266,0.4926111716777086,2.1186361191794276,96256
0,16,5,6,3,QtoSimplifyDiscardSolver,99.90234375,100.0,0.0008680555545910493,133,0.3398445504717529,1.2028053444810212,57344
0,17,5,6,3,QtoSimplifyDiscardSolver,100.0,100.0,0.0,127,0.4211300420574844,1.188756943680346,52224
0,18,5,6,3,QtoSimplifyDiscardSolver,99.90234375,100.0,0.00062144886307141,143,0.4768114355392754,1.5589196854270995,68608
0,19,5,6,3,QtoSimplifyDiscardSolver,99.90234375,100.0,0.0009765624975585938,244,0.44194020656868815,1.582721580285579,70656
0,20,5,6,3,QtoSimplifyDiscardSolver,100.0,100.0,0.0,136,0.351305506657809,1.3227308872155845,61440
0,21,5,6,3,QtoSimplifyDiscardSolver,99.90234375,100.0,0.0013671874972656251,262,0.5637328196316957,2.0881376853212714,92160
0,22,5,6,3,QtoSimplifyDiscardSolver,100.0,100.0,0.0,179,0.5221777795813978,2.4932879428379238,104448
0,23,5,6,3,QtoSimplifyDiscardSolver,99.90234375,100.0,0.0008138020826551649,265,0.5292631955817342,2.185259276535362,96256
0,24,5,6,3,QtoSimplifyDiscardSolver,100.0,100.0,0.0,128,0.43474747613072395,1.2333473139442503,53248
0,25,5,6,3,QtoSimplifyDiscardSolver,100.0,100.0,0.0,130,0.39774934761226177,1.3138927714899182,54272
0,26,5,6,3,QtoSimplifyDiscardSolver,100.0,100.0,0.0,134,0.3684748439118266,1.3485248410142958,56320
0,27,5,6,3,QtoSimplifyDiscardSolver,100.0,100.0,0.0,225,0.45086371526122093,1.2037401786074042,52224
0,28,5,6,3,QtoSimplifyDiscardSolver,99.8046875,100.0,0.0017578124982421874,265,0.6056241160258651,2.1301763402298093,94208
0,29,5,6,3,QtoSimplifyDiscardSolver,100.0,100.0,0.0,126,0.41632757103070617,1.1700914478860795,51200
0,30,5,6,3,QtoSimplifyDiscardSolver,100.0,100.0,0.0,158,0.5298744947649539,1.9434944782406092,83968
0,31,5,6,3,QtoSimplifyDiscardSolver,99.31640625,100.0,0.0015190972205343363,271,0.5682353130541742,2.2202707938849926,101376
0,32,5,6,3,QtoSimplifyDiscardSolver,100.0,100.0,0.0,130,0.4361957353539765,1.388275598641485,54272
0,33,5,6,3,QtoSimplifyDiscardSolver,100.0,100.0,0.0,132,0.43159234896302223,1.4427675087936223,57344
0,34,5,6,3,QtoSimplifyDiscardSolver,100.0,100.0,0.0,154,0.5380588988773525,1.8280356023460627,79872
0,35,5,6,3,QtoSimplifyDiscardSolver,99.8046875,100.0,0.001395089283721301,265,0.5412573008798063,2.342484257183969,95232
0,36,5,6,3,QtoSimplifyDiscardSolver,100.0,100.0,0.0,163,0.5404823822900653,2.1922585950233042,88064
0,37,5,6,3,QtoSimplifyDiscardSolver,100.0,100.0,0.0,131,0.384284065105021,1.3901136871427298,55296
0,38,5,6,3,QtoSimplifyDiscardSolver,100.0,100.0,0.0,129,0.582738577388227,1.2733134934678674,54272
0,39,5,6,3,QtoSimplifyDiscardSolver,100.0,100.0,0.0,122,0.4080230980180204,1.0739857158623636,46080
0,40,5,6,3,QtoSimplifyDiscardSolver,99.8046875,100.0,0.001220703123474121,163,0.5415552332997322,2.2097086356952786,88064
0,41,5,6,3,QtoSimplifyDiscardSolver,100.0,100.0,0.0,250,0.5485736792907119,1.9747554478235543,76800
0,42,5,6,3,QtoSimplifyDiscardSolver,99.31640625,100.0,0.016845703082885743,267,0.7471250738017261,2.3317159451544285,98304
0,43,5,6,3,QtoSimplifyDiscardSolver,100.0,100.0,0.0,135,0.43643195647746325,1.586325398646295,60416
0,44,5,6,3,QtoSimplifyDiscardSolver,96.2890625,100.0,0.00927734373840332,265,0.5235106251202524,2.116969014983624,95232
0,45,5,6,3,QtoSimplifyDiscardSolver,100.0,100.0,0.0,127,0.46953367721289396,1.3820582279004157,52224
0,46,5,6,3,QtoSimplifyDiscardSolver,100.0,100.0,0.0,125,0.4658269500359893,1.3531306041404605,50176
0,47,5,6,3,QtoSimplifyDiscardSolver,100.0,100.0,0.0,128,0.43706275848671794,1.226949032396078,53248
0,48,5,6,3,QtoSimplifyDiscardSolver,100.0,100.0,0.0,136,0.5053073582239449,1.6221166388131678,61440
0,49,5,6,3,QtoSimplifyDiscardSolver,99.70703125,100.0,0.0033482142809311225,267,0.5880302642472088,2.3494857624173164,99328
0,50,5,6,3,QtoSimplifyDiscardSolver,100.0,100.0,0.0,123,0.42826733039692044,1.0880435728468,47104
0,51,5,6,3,QtoSimplifyDiscardSolver,100.0,100.0,0.0,139,0.4259265693835914,1.7168875895440578,64512
0,52,5,6,3,QtoSimplifyDiscardSolver,100.0,100.0,0.0,124,0.4772693677805364,1.1098721991293132,48128
0,53,5,6,3,QtoSimplifyDiscardSolver,99.8046875,100.0,0.0024414062438964843,279,0.7304148687981069,2.1913734888657928,108544
0,54,5,6,3,QtoSimplifyDiscardSolver,100.0,100.0,0.0,142,0.451416683383286,1.5327289453707635,67584
0,55,5,6,3,QtoSimplifyDiscardSolver,99.8046875,100.0,0.00016276041653103297,262,0.5766555340960622,2.021540656685829,92160
0,56,5,6,3,QtoSimplifyDiscardSolver,99.90234375,100.0,7.512019224990753e-05,137,0.4526808480732143,1.6636724737472832,62464
0,57,5,6,3,QtoSimplifyDiscardSolver,100.0,100.0,0.0,123,0.4975527091883123,1.312778353691101,48128
0,58,5,6,3,QtoSimplifyDiscardSolver,98.828125,100.0,0.01478794640744579,270,0.6640882948413491,2.318834757898003,102400
0,59,5,6,3,QtoSimplifyDiscardSolver,100.0,100.0,0.0,130,0.48088906006887555,1.4542621280997992,54272
0,60,5,6,3,QtoSimplifyDiscardSolver,100.0,100.0,0.0,151,0.5986714195460081,1.9799646805040538,77824
0,61,5,6,3,QtoSimplifyDiscardSolver,99.90234375,100.0,0.0008877840901020144,272,0.6948468745686114,2.258981771301478,99328
0,62,5,6,3,QtoSimplifyDiscardSolver,100.0,100.0,0.0,272,0.6466069384478033,2.334921838250011,104448
0,63,5,6,3,QtoSimplifyDiscardSolver,100.0,100.0,0.0,126,0.5391297335736454,1.3834371021948755,51200
0,64,5,6,3,QtoSimplifyDiscardSolver,100.0,100.0,0.0,158,0.48523505311459303,1.6119234613142908,83968
0,65,5,6,3,QtoSimplifyDiscardSolver,100.0,100.0,0.0,252,0.37949117831885815,1.7139713196083903,78848
0,66,5,6,3,QtoSimplifyDiscardSolver,99.90234375,100.0,0.0009765624983723958,133,0.3833569777198136,1.3460232899524271,58368
0,67,5,6,3,QtoSimplifyDiscardSolver,98.73046875,100.0,0.002197265622253418,262,0.6121538430452347,1.671550060622394,92160
0,68,5,6,3,QtoSimplifyDiscardSolver,99.90234375,100.0,0.0033203124933593752,124,0.3584842151030898,1.0554343606345356,49152
0,69,5,6,3,QtoSimplifyDiscardSolver,100.0,100.0,0.0,122,0.32101978780701756,1.1304187751375139,47104
0,70,5,6,3,QtoSimplifyDiscardSolver,100.0,100.0,0.0,136,0.3999564158730209,1.1613157680258155,59392
0,71,5,6,3,QtoSimplifyDiscardSolver,99.90234375,100.0,0.001139322914767795,148,0.38528175419196486,1.3474860577844083,73728
0,72,5,6,3,QtoSimplifyDiscardSolver,99.90234375,100.0,0.0009765624986049108,264,0.48135882755741477,1.505674410611391,94208
0,73,5,6,3,QtoSimplifyDiscardSolver,99.8046875,100.0,0.0005580357134885205,265,0.40948754269629717,1.52385538443923,94208
0,74,5,6,3,QtoSimplifyDiscardSolver,99.8046875,100.0,0.0013020833324652776,265,0.5182295856066048,1.4991919551976025,95232
0,75,5,6,3,QtoSimplifyDiscardSolver,100.0,100.0,0.0,268,0.4736784645356238,1.505607835482806,96256
0,76,5,6,3,QtoSimplifyDiscardSolver,100.0,100.0,0.0,138,0.3913291469216347,1.1438611298799515,63488
0,77,5,6,3,QtoSimplifyDiscardSolver,100.0,100.0,0.0,149,0.38246284145861864,1.3762527876533568,75776
0,78,5,6,3,QtoSimplifyDiscardSolver,99.8046875,100.0,0.0015190972205343363,153,0.42957369005307555,1.3943933751434088,79872
0,79,5,6,3,QtoSimplifyDiscardSolver,100.0,100.0,0.0,125,0.39091511769220233,1.042082017287612,50176
0,80,5,6,3,QtoSimplifyDiscardSolver,99.90234375,100.0,0.0013671874972656251,270,0.4496569731272757,1.440581991802901,97280
0,81,5,6,3,QtoSimplifyDiscardSolver,100.0,100.0,0.0,124,0.27561107091605663,0.9439422613941133,49152
0,82,5,6,3,QtoSimplifyDiscardSolver,100.0,100.0,0.0,237,0.4358950424939394,1.1414448721334338,64512
0,83,5,6,3,QtoSimplifyDiscardSolver,98.73046875,100.0,0.0009068080350665656,180,0.5642468160949647,1.4880865318700671,105472
0,84,5,6,3,QtoSimplifyDiscardSolver,100.0,100.0,0.0,123,0.2747616549022496,0.9007454374805093,48128
0,85,5,6,3,QtoSimplifyDiscardSolver,99.90234375,100.0,0.0034179687329101566,261,0.4898046562448144,1.2572898608632386,89088
0,86,5,6,3,QtoSimplifyDiscardSolver,100.0,100.0,0.0,148,0.42713778791949153,1.1979414010420442,74752
0,87,5,6,3,QtoSimplifyDiscardSolver,99.90234375,100.0,0.0009765624967447917,259,0.3882577973417938,1.2836639466695487,87040
0,88,5,6,3,QtoSimplifyDiscardSolver,100.0,100.0,0.0,137,0.3860982805490494,1.0103223165497184,62464
0,89,5,6,3,QtoSimplifyDiscardSolver,99.4140625,100.0,0.0024414062459309897,265,0.5561792943626642,1.254566592629999,94208
0,90,5,6,3,QtoSimplifyDiscardSolver,100.0,100.0,0.0,159,0.29313690355047584,1.2183357826434076,83968
0,91,5,6,3,QtoSimplifyDiscardSolver,100.0,100.0,0.0,122,0.3795262919738889,0.8602770203724504,47104
0,92,5,6,3,QtoSimplifyDiscardSolver,98.6328125,100.0,0.009114583302951389,270,0.5765075972303748,1.3085420057177544,99328
0,93,5,6,3,QtoSimplifyDiscardSolver,100.0,100.0,0.0,134,0.38019072310999036,0.9289176086895168,59392
0,94,5,6,3,QtoSimplifyDiscardSolver,100.0,100.0,0.0,154,0.43903788225725293,1.0510177104733884,79872
0,95,5,6,3,QtoSimplifyDiscardSolver,100.0,100.0,0.0,131,0.316790958866477,0.8796232519671321,56320
0,96,5,6,3,QtoSimplifyDiscardSolver,100.0,100.0,0.0,127,0.26921514654532075,0.7710284488275647,52224
0,97,5,6,3,QtoSimplifyDiscardSolver,100.0,100.0,0.0,161,0.47848008619621396,1.0832581827417016,88064
0,98,5,6,3,QtoSimplifyDiscardSolver,100.0,100.0,0.0,131,0.26918800501152873,0.7970940927043557,56320
0,99,5,6,3,QtoSimplifyDiscardSolver,99.8046875,100.0,0.0002441406246948242,261,0.5240586730651557,1.1135705090127885,91136
0,0,5,6,3,QtoSimplifyDiscardSegmentedSolver,100.0,100.0,0.0,127,1.5930205769836903,2.267587819136679,102400
0,1,5,6,3,QtoSimplifyDiscardSegmentedSolver,100.0,100.0,0.0,123,1.129080068320036,2.0220904764719307,94208
0,2,5,6,3,QtoSimplifyDiscardSegmentedSolver,99.70703125,100.0,0.002441406246948242,273,2.522489730268717,4.739930769428611,202752
0,3,5,6,3,QtoSimplifyDiscardSegmentedSolver,100.0,100.0,0.0,124,1.3106242585927248,2.1270896294154227,98304
0,4,5,6,3,QtoSimplifyDiscardSegmentedSolver,100.0,100.0,0.0,122,0.8845561537891626,1.9774851901456714,94208
0,5,5,6,3,QtoSimplifyDiscardSegmentedSolver,99.609375,100.0,0.004150390619812011,265,1.7932176003232598,4.613464663736522,194560
0,6,5,6,3,QtoSimplifyDiscardSegmentedSolver,99.31640625,100.0,0.0156249999609375,269,3.19701219862327,5.51176975434646,202752
0,7,5,6,3,QtoSimplifyDiscardSegmentedSolver,100.0,100.0,0.0,270,3.0662018707953393,4.503554721362889,202752
0,8,5,6,3,QtoSimplifyDiscardSegmentedSolver,100.0,100.0,0.0,121,1.1352553516626358,1.9255319684743881,92160
0,9,5,6,3,QtoSimplifyDiscardSegmentedSolver,100.0,100.0,0.0,133,1.2736058617010713,2.599710654001683,116736
0,10,5,6,3,QtoSimplifyDiscardSegmentedSolver,99.8046875,100.0,0.0019531249960937501,271,2.5014118519611657,4.407244713976979,204800
0,11,5,6,3,QtoSimplifyDiscardSegmentedSolver,100.0,100.0,0.0,147,1.2264318051747978,3.1633089375682175,141312
0,12,5,6,3,QtoSimplifyDiscardSegmentedSolver,100.0,100.0,0.0,125,1.4292637226171792,2.176593396347016,100352
0,13,5,6,3,QtoSimplifyDiscardSegmentedSolver,99.609375,100.0,0.0009765624991861978,269,2.9706722334958613,5.206948327831924,198656
0,14,5,6,3,QtoSimplifyDiscardSegmentedSolver,100.0,100.0,0.0,228,1.63211190700531,2.427372893784195,110592
0,15,5,6,3,QtoSimplifyDiscardSegmentedSolver,99.609375,100.0,0.00062144886307141,269,3.094667042605579,4.569774195086211,196608
0,16,5,6,3,QtoSimplifyDiscardSegmentedSolver,99.90234375,100.0,0.0008680555545910493,164,2.0498099587857723,4.412610619328916,180224
0,17,5,6,3,QtoSimplifyDiscardSegmentedSolver,100.0,100.0,0.0,125,1.4761918857693672,2.309995017480105,100352
0,18,5,6,3,QtoSimplifyDiscardSegmentedSolver,100.0,100.0,0.0,270,3.0369092924520373,4.97961838869378,202752
0,19,5,6,3,QtoSimplifyDiscardSegmentedSolver,99.21875,100.0,0.00781249998046875,269,3.1189427538774908,4.8675972651690245,202752
0,20,5,6,3,QtoSimplifyDiscardSegmentedSolver,99.70703125,100.0,0.0009765624991122158,263,2.2703854143619537,4.782735270448029,186368
0,21,5,6,3,QtoSimplifyDiscardSegmentedSolver,100.0,100.0,0.0,241,1.5900637651793659,3.034481476061046,141312
0,22,5,6,3,QtoSimplifyDiscardSegmentedSolver,99.90234375,100.0,0.0007512019224990753,156,2.1164025850594044,3.772921928204596,161792
0,23,5,6,3,QtoSimplifyDiscardSegmentedSolver,99.90234375,100.0,0.0008138020826551649,277,2.7981763682328165,5.38588288705796,212992
0,24,5,6,3,QtoSimplifyDiscardSegmentedSolver,99.609375,100.0,0.00035511363604080574,167,3.2843252853490412,5.145434753969312,186368
0,25,5,6,3,QtoSimplifyDiscardSegmentedSolver,100.0,100.0,0.0,133,1.700940533541143,2.7825069641694427,116736
0,26,5,6,3,QtoSimplifyDiscardSegmentedSolver,99.90234375,100.0,0.0023437499953125,128,1.469433639664203,2.558444877155125,106496
0,27,5,6,3,QtoSimplifyDiscardSegmentedSolver,99.90234375,100.0,0.00024414062438964844,139,1.861379369162023,3.1065662098117173,129024
0,28,5,6,3,QtoSimplifyDiscardSegmentedSolver,100.0,100.0,0.0,122,1.3772891070693731,2.256855146959424,94208
0,29,5,6,3,QtoSimplifyDiscardSegmentedSolver,99.90234375,100.0,0.0008138020819769966,133,1.5878635756671429,2.867424010299146,116736
0,30,5,6,3,QtoSimplifyDiscardSegmentedSolver,99.12109375,100.0,0.013476562473046875,268,3.4878380610607564,5.335969849023968,198656
0,31,5,6,3,QtoSimplifyDiscardSegmentedSolver,99.90234375,100.0,0.00021701388864776231,253,1.993838279042393,4.3113948637619615,165888
0,32,5,6,3,QtoSimplifyDiscardSegmentedSolver,99.90234375,100.0,0.0008370535702327806,270,3.056532143149525,5.2566824816167355,202752
0,33,5,6,3,QtoSimplifyDiscardSegmentedSolver,99.8046875,100.0,0.00035511363604080574,267,1.7312492881901562,5.388414409011602,192512
0,34,5,6,3,QtoSimplifyDiscardSegmentedSolver,100.0,100.0,0.0,271,1.9040654692798853,5.570556427817792,202752
0,35,5,6,3,QtoSimplifyDiscardSegmentedSolver,99.90234375,100.0,0.0006975446418606505,283,2.1886732722632587,4.5817095916718245,225280
0,36,5,6,3,QtoSimplifyDiscardSegmentedSolver,100.0,100.0,0.0,126,1.2034843317233026,2.2590997451916337,102400
0,37,5,6,3,QtoSimplifyDiscardSegmentedSolver,100.0,100.0,0.0,125,1.2279634717851877,2.395066592376679,100352
0,38,5,6,3,QtoSimplifyDiscardSegmentedSolver,100.0,100.0,0.0,124,1.3102309019304812,2.7517262888140976,98304
0,39,5,6,3,QtoSimplifyDiscardSegmentedSolver,100.0,100.0,0.0,125,1.3363286731764674,2.197743077762425,98304
0,40,5,6,3,QtoSimplifyDiscardSegmentedSolver,100.0,100.0,0.0,163,2.5476270988583565,4.13560841511935,178176
0,41,5,6,3,QtoSimplifyDiscardSegmentedSolver,100.0,100.0,0.0,125,1.2394630704075098,2.30633332952857,100352
0,42,5,6,3,QtoSimplifyDiscardSegmentedSolver,100.0,100.0,0.0,137,1.6057950123213232,2.8992735985666513,126976
0,43,5,6,3,QtoSimplifyDiscardSegmentedSolver,100.0,100.0,0.0,159,2.469607261940837,3.9190187477506697,169984
0,44,5,6,3,QtoSimplifyDiscardSegmentedSolver,100.0,100.0,0.0,128,0.9202810800634325,2.386834706645459,108544
0,45,5,6,3,QtoSimplifyDiscardSegmentedSolver,99.8046875,100.0,0.00634765623413086,166,3.0280069359578192,5.086097825318575,184320
0,46,5,6,3,QtoSimplifyDiscardSegmentedSolver,100.0,100.0,0.0,131,1.5352395777590573,2.7935187821276486,112640
0,47,5,6,3,QtoSimplifyDiscardSegmentedSolver,100.0,100.0,0.0,147,1.4024338410235941,3.285624564625323,143360
0,48,5,6,3,QtoSimplifyDiscardSegmentedSolver,99.70703125,100.0,0.0014648437485351561,261,2.845584090333432,4.595096952747554,180224
0,49,5,6,3,QtoSimplifyDiscardSegmentedSolver,99.8046875,100.0,0.0019531249972098215,270,2.618319848086685,5.241399641614407,200704
0,50,5,6,3,QtoSimplifyDiscardSegmentedSolver,100.0,100.0,0.0,142,2.038827816955745,3.183101702015847,135168
0,51,5,6,3,QtoSimplifyDiscardSegmentedSolver,99.70703125,100.0,0.0043945312426757815,172,2.093542469199747,3.919256042689085,196608
0,52,5,6,3,QtoSimplifyDiscardSegmentedSolver,100.0,100.0,0.0,124,1.428719684947282,2.8521098783239722,98304
0,53,5,6,3,QtoSimplifyDiscardSegmentedSolver,100.0,100.0,0.0,236,1.8572826497256756,3.1133418423123658,124928
0,54,5,6,3,QtoSimplifyDiscardSegmentedSolver,100.0,100.0,0.0,157,2.2008004495874047,3.5797414761036634,167936
0,55,5,6,3,QtoSimplifyDiscardSegmentedSolver,100.0,100.0,0.0,138,1.724117357749492,3.1674929531291127,124928
0,56,5,6,3,QtoSimplifyDiscardSegmentedSolver,100.0,100.0,0.0,140,1.2730531697161496,3.3082659980282187,131072
0,57,5,6,3,QtoSimplifyDiscardSegmentedSolver,100.0,100.0,0.0,145,1.8948771180585027,3.5577638149261475,141312
0,58,5,6,3,QtoSimplifyDiscardSegmentedSolver,99.90234375,100.0,0.001255580355349171,268,3.348244470078498,5.098997665103525,192512
0,59,5,6,3,QtoSimplifyDiscardSegmentedSolver,98.4375,100.0,0.0026041666644965275,259,2.6170906415209174,5.266270109452307,180224
0,60,5,6,3,QtoSimplifyDiscardSegmentedSolver,100.0,100.0,0.0,131,1.4184718686155975,2.5735797504894435,114688
0,61,5,6,3,QtoSimplifyDiscardSegmentedSolver,99.90234375,100.0,0.0008877840901020144,144,1.9586661327630281,3.402264609467238,141312
0,62,5,6,3,QtoSimplifyDiscardSegmentedSolver,98.73046875,100.0,0.0071614583253761565,262,2.9226952819153666,5.0554971056990325,186368
0,63,5,6,3,QtoSimplifyDiscardSegmentedSolver,100.0,100.0,0.0,230,1.8396264789626002,2.8097480619326234,112640
0,64,5,6,3,QtoSimplifyDiscardSegmentedSolver,100.0,100.0,0.0,132,1.3106224415823817,2.6566714784130454,112640
0,65,5,6,3,QtoSimplifyDiscardSegmentedSolver,100.0,100.0,0.0,123,1.223618104122579,1.8995067090727389,94208
0,66,5,6,3,QtoSimplifyDiscardSegmentedSolver,99.90234375,100.0,0.0016276041639539931,267,2.035579933784902,3.8313434082083404,192512
0,67,5,6,3,QtoSimplifyDiscardSegmentedSolver,100.0,100.0,0.0,131,1.6351907080970705,2.2968515208922327,112640
0,68,5,6,3,QtoSimplifyDiscardSegmentedSolver,100.0,100.0,0.0,124,1.2947287363931537,1.959314408712089,98304
0,69,5,6,3,QtoSimplifyDiscardSegmentedSolver,100.0,100.0,0.0,125,0.8965704180300236,1.9935647207312286,100352
0,70,5,6,3,QtoSimplifyDiscardSegmentedSolver,100.0,100.0,0.0,263,2.5017630155198276,3.063516292255372,182272
0,71,5,6,3,QtoSimplifyDiscardSegmentedSolver,100.0,100.0,0.0,124,1.4010041789151728,1.86618198081851,98304
0,72,5,6,3,QtoSimplifyDiscardSegmentedSolver,100.0,100.0,0.0,125,1.2940630144439638,2.428241102490574,100352
0,73,5,6,3,QtoSimplifyDiscardSegmentedSolver,99.90234375,100.0,0.0005580357134885205,252,2.068149405531585,2.800493288319558,161792
0,74,5,6,3,QtoSimplifyDiscardSegmentedSolver,99.8046875,100.0,0.0009765624993489583,132,1.6262944643385708,2.645913748536259,114688
0,75,5,6,3,QtoSimplifyDiscardSegmentedSolver,99.8046875,100.0,0.0009765624987792968,164,1.8165927408263087,2.81274357624352,176128
0,76,5,6,3,QtoSimplifyDiscardSegmentedSolver,99.8046875,100.0,0.0016276041653103298,264,2.3300343141891062,3.3136539668776095,188416
0,77,5,6,3,QtoSimplifyDiscardSegmentedSolver,100.0,100.0,0.0,156,2.0309565169736743,3.0875859074294567,161792
0,78,5,6,3,QtoSimplifyDiscardSegmentedSolver,99.51171875,100.0,0.002061631942153742,266,3.0649438286200166,3.8849490783177316,196608
0,79,5,6,3,QtoSimplifyDiscardSegmentedSolver,100.0,100.0,0.0,125,1.4131477172486484,2.26484332093969,100352
0,80,5,6,3,QtoSimplifyDiscardSegmentedSolver,99.21875,100.0,0.004687499990625,259,2.114835985470563,2.775090099312365,174080
0,81,5,6,3,QtoSimplifyDiscardSegmentedSolver,100.0,100.0,0.0,136,1.5806198362261057,2.208197901956737,122880
0,82,5,6,3,QtoSimplifyDiscardSegmentedSolver,99.8046875,100.0,0.0008680555545910493,266,2.52070734789595,3.458502671215683,192512
0,83,5,6,3,QtoSimplifyDiscardSegmentedSolver,93.5546875,100.0,0.004603794639568718,264,1.988819149788469,3.8747585071250796,190464
0,84,5,6,3,QtoSimplifyDiscardSegmentedSolver,100.0,100.0,0.0,126,1.051669914741069,2.3495551738888025,102400
0,85,5,6,3,QtoSimplifyDiscardSegmentedSolver,100.0,100.0,0.0,123,1.2435674257576466,2.1034315139986575,96256
0,86,5,6,3,QtoSimplifyDiscardSegmentedSolver,100.0,100.0,0.0,143,0.9269682005979121,2.2019152864813805,135168
0,87,5,6,3,QtoSimplifyDiscardSegmentedSolver,100.0,100.0,0.0,163,1.2499620653688908,2.6014983505010605,178176
0,88,5,6,3,QtoSimplifyDiscardSegmentedSolver,99.51171875,100.0,0.00463867186920166,263,3.0737352962605655,4.032844132743776,188416
0,89,5,6,3,QtoSimplifyDiscardSegmentedSolver,99.70703125,100.0,0.0019531249967447916,265,1.8857903210446239,3.2466129707172513,194560
0,90,5,6,3,QtoSimplifyDiscardSegmentedSolver,99.51171875,100.0,0.006103515617370605,263,1.837996490765363,3.2829171153716743,184320
0,91,5,6,3,QtoSimplifyDiscardSegmentedSolver,99.0234375,100.0,0.004083806814469266,259,3.0552960033528507,3.81977117061615,178176
0,92,5,6,3,QtoSimplifyDiscardSegmentedSolver,99.90234375,100.0,0.0006510416644965278,271,1.3288095849566162,3.2670652139931917,198656
0,93,5,6,3,QtoSimplifyDiscardSegmentedSolver,100.0,100.0,0.0,153,2.0183468870818615,2.8265766529366374,161792
0,94,5,6,3,QtoSimplifyDiscardSegmentedSolver,100.0,100.0,0.0,132,1.356531863566488,2.2447613906115294,114688
0,95,5,6,3,QtoSimplifyDiscardSegmentedSolver,98.92578125,100.0,0.020117187459765627,261,1.7183292312547565,2.9652745397761464,178176
0,96,5,6,3,QtoSimplifyDiscardSegmentedSolver,100.0,100.0,0.0,273,2.5958728194236755,3.2951399832963943,206848
0,97,5,6,3,QtoSimplifyDiscardSegmentedSolver,99.8046875,100.0,0.0013671874986328123,268,1.6594113586470485,3.338271651417017,196608
0,98,5,6,3,QtoSimplifyDiscardSegmentedSolver,100.0,100.0,0.0,128,1.5865109586156905,2.136202447116375,106496
0,99,5,6,3,QtoSimplifyDiscardSegmentedSolver,100.0,100.0,0.0,128,1.3894829032942653,1.4799932525493205,108544
1,0,5,15,8,ChocoSolver,97.94921875,100.0,0.009570312493619792,301,7.763640142511576,8.77147037582472,308224
1,1,5,15,8,ChocoSolver,28.7109375,100.0,0.9618055544868827,301,10.127282007597387,8.346353287342936,302080
1,2,5,15,8,ChocoSolver,0,100.0,0.7906249992093749,301,10.740778150968254,8.001984330825508,307200
1,3,5,15,8,ChocoSolver,4.58984375,100.0,0.4271240229035949,301,8.37848448054865,7.6186541938222945,290816
1,4,5,15,8,ChocoSolver,98.73046875,100.0,0.015485491060367505,301,5.90530149359256,8.684255269356072,308224
1,5,5,15,8,ChocoSolver,0.48828125,100.0,1.2278645819690392,301,11.014635305851698,8.951757768169045,281600
1,6,5,15,8,ChocoSolver,0,100.0,0.8015624991984375,301,5.996312940493226,8.572120790369809,306176
1,7,5,15,8,ChocoSolver,0,100.0,0.12044270819950809,301,6.80846946220845,9.025618007872254,308224
1,8,5,15,8,ChocoSolver,94.140625,100.0,0.01625689337279006,301,6.732867253944278,8.625403918325901,308224
1,9,5,15,8,ChocoSolver,99.21875,100.0,0.010375976549530028,301,5.729578190948814,8.09195679007098,304128
1,10,5,15,8,ChocoSolver,93.9453125,100.0,0.06884765618115234,301,6.765494243707508,8.434882210101932,308224
1,11,5,15,8,ChocoSolver,99.90234375,100.0,0.0021784855752473185,301,6.434374377597123,10.038245695643127,308224
1,12,5,15,8,ChocoSolver,99.31640625,100.0,0.0038311298047452847,301,6.606490360572934,8.853211216628551,308224
1,13,5,15,8,ChocoSolver,99.609375,100.0,0.0030048076899963014,301,5.949197785463184,8.570209486410022,308224
1,14,5,15,8,ChocoSolver,13.671875,100.0,0.21017795127212335,301,9.137873491737992,8.02342870645225,283648
1,15,5,15,8,ChocoSolver,0,100.0,0.06390380855381012,301,4.389856967143714,9.125900901854038,308224
1,16,5,15,8,ChocoSolver,14.94140625,100.0,0.33131167745720436,301,7.544074382632971,8.331843624357134,308224
1,17,5,15,8,ChocoSolver,0.09765625,100.0,0.3063616067051977,301,5.462052668910474,8.08328802511096,300032
1,18,5,15,8,ChocoSolver,4.4921875,100.0,0.25137867632271843,301,10.530066987965256,8.08590596402064,296960
1,19,5,15,8,ChocoSolver,59.1796875,100.0,0.3351562496648437,301,10.74479219596833,8.554686549119651,308224
1,20,5,15,8,ChocoSolver,33.59375,100.0,0.31222098191984216,301,10.788601166568696,8.542479291092604,294912
1,21,5,15,8,ChocoSolver,21.77734375,100.0,0.4727539057772461,301,6.782126419711858,8.534096938092262,308224
1,22,5,15,8,ChocoSolver,0,100.0,0.20869140604130856,301,7.1364110466092825,9.284643820486963,308224
1,23,5,15,8,ChocoSolver,64.55078125,100.0,0.9324544255292426,301,9.842112127691507,8.503733955323696,299008
1,24,5,15,8,ChocoSolver,42.87109375,100.0,0.21180555532021603,301,7.4764656173065305,8.386448187287897,308224
1,25,5,15,8,ChocoSolver,0.48828125,100.0,0.5863131005105283,301,9.199567212723196,9.029354116879404,308224
1,26,5,15,8,ChocoSolver,69.921875,100.0,0.1113281249204799,301,8.327568315435201,9.31012479448691,308224
1,27,5,15,8,ChocoSolver,0,100.0,0.08233173070589866,301,6.882038444746286,8.914739270228893,308224
1,28,5,15,8,ChocoSolver,22.265625,100.0,0.2466145831689236,301,6.544262101408094,8.692755547817796,302080
1,29,5,15,8,ChocoSolver,99.51171875,100.0,0.0024956597194492666,301,6.13707397505641,9.190794738940895,308224
1,30,5,15,8,ChocoSolver,12.5,100.0,0.672960068696711,301,11.32010437734425,8.361157719511539,308224
1,31,5,15,8,ChocoSolver,18.9453125,100.0,0.5867513015943738,301,10.831374189350754,8.661743776407093,308224
1,32,5,15,8,ChocoSolver,97.8515625,100.0,0.019112723200633768,301,6.718687631655484,8.41716874949634,308224
1,33,5,15,8,ChocoSolver,20.1171875,100.0,1.09928385294524,301,11.654362085741013,8.585991390515119,308224
1,34,5,15,8,ChocoSolver,0,100.0,0.7326882095611925,301,6.771458892617375,8.750338590238243,308224
1,35,5,15,8,ChocoSolver,62.20703125,100.0,0.17343749988437498,301,7.310044143348932,8.136050653643906,306176
1,36,5,15,8,ChocoSolver,5.37109375,100.0,0.2774251299771457,301,8.933133256621659,8.11362641165033,308224
1,37,5,15,8,ChocoSolver,0.68359375,100.0,0.3508300779057312,301,10.068023791071028,8.989075179211795,305152
1,38,5,15,8,ChocoSolver,0,100.0,0.26434795652742465,301,7.087359873112291,8.130378018133342,303104
1,39,5,15,8,ChocoSolver,99.0234375,100.0,0.005175781244824218,301,7.0139536410570145,9.097325135953724,308224
1,40,5,15,8,ChocoSolver,62.98828125,100.0,1.056152341989746,301,8.344360816758126,8.129266646225005,308224
1,41,5,15,8,ChocoSolver,0.09765625,100.0,0.5893554682588704,301,8.79523682873696,8.728019326925278,308224
1,42,5,15,8,ChocoSolver,0,100.0,0.15548270078179807,301,6.382686203811318,8.016511978581548,308224
1,43,5,15,8,ChocoSolver,1.85546875,100.0,0.959681918271883,301,10.05395287880674,7.875609415117651,303104
1,44,5,15,8,ChocoSolver,43.84765625,100.0,0.6223632806276367,301,10.927949930541217,7.920319949742407,308224
1,45,5,15,8,ChocoSolver,99.21875,100.0,0.013020833311631945,301,5.338998583611101,8.009410382248461,300032
1,46,5,15,8,ChocoSolver,44.43359375,100.0,0.5601128465998746,301,10.139891124796122,8.77434852719307,286720
1,47,5,15,8,ChocoSolver,12.98828125,100.0,0.8176618291890545,301,7.615082459524274,8.694539526477456,308224
1,48,5,15,8,ChocoSolver,20.5078125,100.0,0.23974609355021156,301,10.544966669753194,8.706995550077409,308224
1,49,5,15,8,ChocoSolver,11.23046875,100.0,0.7505696608328586,301,10.699609983712435,8.79169105924666,308224
1,50,5,15,8,ChocoSolver,2.5390625,100.0,1.0214843735407366,301,6.886884015519172,8.475721122696996,308224
1,51,5,15,8,ChocoSolver,0,100.0,0.2531738278085327,301,6.453084568493068,9.26642757281661,308224
1,52,5,15,8,ChocoSolver,79.19921875,100.0,0.12479073651800661,301,9.607264599762857,8.323705044575036,308224
1,53,5,15,8,ChocoSolver,0.5859375,100.0,0.9251302073054108,301,7.166916390415281,8.105667942203581,285696
1,54,5,15,8,ChocoSolver,0.5859375,100.0,1.0763346336227757,301,10.16444878373295,8.01349592814222,292864
1,55,5,15,8,ChocoSolver,1.66015625,100.0,0.28071732929025695,301,7.818129315041006,9.363049935083836,308224
1,56,5,15,8,ChocoSolver,93.1640625,100.0,0.0077427455301837525,301,5.322405891958624,9.036694972310215,308224
1,57,5,15,8,ChocoSolver,27.24609375,100.0,0.6816406241479491,301,11.084875269327313,8.232508754823357,308224
1,58,5,15,8,ChocoSolver,0,100.0,0.20833333319444444,301,7.418109111022204,8.265300455968827,306176
1,59,5,15,8,ChocoSolver,100.0,100.0,0.0,301,3.858336296863854,9.731644021347165,308224
1,60,5,15,8,ChocoSolver,86.5234375,100.0,0.03398437496601562,301,6.027759810909629,7.638197656720877,288768
1,61,5,15,8,ChocoSolver,9.765625,100.0,0.0847355768578957,301,6.374763367231935,8.07364025618881,308224
1,62,5,15,8,ChocoSolver,3.61328125,100.0,0.5362141922614881,301,7.350428119301796,8.027372545562685,308224
1,63,5,15,8,ChocoSolver,21.09375,100.0,0.3352864580539279,301,11.590340393595397,7.718712673522532,307200
1,64,5,15,8,ChocoSolver,81.25,100.0,0.05558894226493158,301,7.44445131579414,8.13607694208622,308224
1,65,5,15,8,ChocoSolver,0,100.0,0.5738699772686643,301,4.679321118164808,8.11966443946585,308224
1,66,5,15,8,ChocoSolver,2.24609375,100.0,0.8175223208446268,301,9.499539443291724,7.7400050815194845,297984
1,67,5,15,8,ChocoSolver,7.03125,100.0,1.6883544900770566,301,11.153297871816903,7.632062694989145,304128
1,68,5,15,8,ChocoSolver,10.05859375,100.0,0.17460937488359374,301,11.131047214847058,8.032682390417904,307200
1,69,5,15,8,ChocoSolver,51.5625,100.0,0.41455078095389225,301,10.741864925250411,7.755489225033671,308224
1,70,5,15,8,ChocoSolver,64.74609375,100.0,0.13702713808577519,301,9.596851132344455,7.937905504368246,308224
1,71,5,15,8,ChocoSolver,23.92578125,100.0,0.8816583798803105,301,11.033902903087437,7.771620713174343,302080
1,72,5,15,8,ChocoSolver,6.4453125,100.0,0.4050781247299479,301,11.543469201307744,8.06943687191233,308224
1,73,5,15,8,ChocoSolver,79.8828125,100.0,0.15087890609912108,301,8.555130305234343,7.827969017904252,308224
1,74,5,15,8,ChocoSolver,41.50390625,100.0,0.2727539059772461,301,9.978968126233667,7.323288256768137,283648
1,75,5,15,8,ChocoSolver,27.34375,100.0,0.23754882782806394,301,9.225349004846066,7.975262874271721,308224
1,76,5,15,8,ChocoSolver,11.62109375,100.0,1.3973214265752552,301,10.13504702784121,7.081009367480874,282624
1,77,5,15,8,ChocoSolver,49.8046875,100.0,0.23850661039345644,301,10.62149767857045,7.876074988394976,308224
1,78,5,15,8,ChocoSolver,30.76171875,100.0,0.16979166655347222,301,10.169049668125808,8.439204012043774,308224
1,79,5,15,8,ChocoSolver,47.65625,100.0,0.14212740373682506,301,7.7685395032167435,7.966170029714704,308224
1,80,5,15,8,ChocoSolver,37.20703125,100.0,0.12037760408641493,301,8.008983729407191,7.907614843454212,307200
1,81,5,15,8,ChocoSolver,1.26953125,100.0,0.31594669099061956,301,9.774439643602818,6.959674821700901,278528
1,82,5,15,8,ChocoSolver,0.68359375,100.0,0.339973958106684,301,6.61576439673081,7.909075022675097,308224
1,83,5,15,8,ChocoSolver,50.87890625,100.0,0.13525390615339006,301,9.82774522760883,7.773881365545094,308224
1,84,5,15,8,ChocoSolver,9.765625,100.0,1.34716796650472,301,10.47600275464356,7.46948424493894,286720
1,85,5,15,8,ChocoSolver,90.33203125,100.0,0.067845394701134,301,9.789566738530993,7.851945832371712,308224
1,86,5,15,8,ChocoSolver,92.08984375,100.0,0.05755208329496527,301,8.750406244304031,8.050838252529502,308224
1,87,5,15,8,ChocoSolver,82.12890625,100.0,0.1573016825713064,301,9.080943236593157,7.691751638427377,308224
1,88,5,15,8,ChocoSolver,10.546875,100.0,0.8662109360563152,301,10.730476638767868,7.9948279722593725,307200
1,89,5,15,8,ChocoSolver,19.7265625,100.0,0.07389322910508897,301,5.801784208975732,8.2556590908207,308224
1,90,5,15,8,ChocoSolver,49.609375,100.0,0.7058105459927367,301,11.077048012521118,7.78676037536934,308224
1,91,5,15,8,ChocoSolver,9.1796875,100.0,1.0415039036462403,301,8.318087053019553,7.931825692765415,308224
1,92,5,15,8,ChocoSolver,17.28515625,100.0,0.38365885391089405,301,11.144056355115026,8.179382687900215,307200
1,93,5,15,8,ChocoSolver,19.62890625,100.0,1.5232421844535156,301,10.541724493727088,7.6622624094597995,296960
1,94,5,15,8,ChocoSolver,10.15625,100.0,0.3941824773970125,301,10.500418062787503,7.23816679418087,284672
1,95,5,15,8,ChocoSolver,69.921875,100.0,0.04907226559432983,301,7.601180413737893,7.839653801638633,308224
1,96,5,15,8,ChocoSolver,73.14453125,100.0,0.18960336523876664,301,8.67363410629332,7.960707887541503,308224
1,97,5,15,8,ChocoSolver,11.62109375,100.0,0.19352213525539821,301,8.200296342372894,7.761598632670939,308224
1,98,5,15,8,ChocoSolver,25.390625,100.0,0.5179687494820312,301,10.96585617819801,7.954625802580267,307200
1,99,5,15,8,ChocoSolver,43.75,100.0,0.29331752211191603,301,11.462554765865207,7.873960543423891,308224
1,0,5,15,8,QtoSimplifySolver,65.234375,100.0,0.07753906244830729,301,9.587276283185929,10.089848269708455,308224
1,1,5,15,8,QtoSimplifySolver,94.7265625,100.0,0.0893012151785542,301,9.450868668034673,9.931639819871634,308224
1,2,5,15,8,QtoSimplifySolver,90.33203125,100.0,0.06269531243730468,301,9.773247811943293,9.825805022846907,308224
1,3,5,15,8,QtoSimplifySolver,89.453125,100.0,0.06774902335281371,301,9.991718689445406,9.99109091470018,308224
1,4,5,15,8,QtoSimplifySolver,67.96875,100.0,0.30315290156917646,301,9.617909702472389,9.939620798453689,308224
1,5,5,15,8,QtoSimplifySolver,84.765625,100.0,0.21918402753423996,301,9.903080592863262,9.712583942338824,308224
1,6,5,15,8,QtoSimplifySolver,91.69921875,100.0,0.11171874988828125,301,9.878930623177439,9.835697237867862,308224
1,7,5,15,8,QtoSimplifySolver,95.3125,100.0,0.042860243007933056,301,8.883479522075504,9.430957391858101,308224
1,8,5,15,8,QtoSimplifySolver,13.0859375,100.0,0.14981617638246106,301,8.472726191394031,9.966920306906104,308224
1,9,5,15,8,QtoSimplifySolver,92.48046875,100.0,0.10461425768173217,301,9.527678214013577,9.794489073101431,308224
1,10,5,15,8,QtoSimplifySolver,91.30859375,100.0,0.07958984367041015,301,8.738105378113687,10.380714016966522,308224
1,11,5,15,8,QtoSimplifySolver,87.109375,100.0,0.14798677873231786,301,9.766078799031675,9.984032257925719,308224
1,12,5,15,8,QtoSimplifySolver,89.94140625,100.0,0.07143930282966207,301,9.302516605239362,9.525171506684273,308224
1,13,5,15,8,QtoSimplifySolver,81.4453125,100.0,0.10652043261036889,301,10.071366513613611,10.451866986230016,308224
1,14,5,15,8,QtoSimplifySolver,92.48046875,100.0,0.03678385414623119,301,9.807362034916878,9.897138492204249,308224
1,15,5,15,8,QtoSimplifySolver,92.7734375,100.0,0.04583740231510162,301,9.32678833603859,9.883433546870947,308224
1,16,5,15,8,QtoSimplifySolver,97.265625,100.0,0.019017269726833014,301,9.67164926417172,10.122102324850857,308224
1,17,5,15,8,QtoSimplifySolver,51.5625,100.0,0.28836495494519293,301,9.304859727155417,9.774678177665919,308224
1,18,5,15,8,QtoSimplifySolver,98.33984375,100.0,0.004136029409331748,301,8.294961668550968,9.905450774356723,308224
1,19,5,15,8,QtoSimplifySolver,84.5703125,100.0,0.09267578115732421,301,9.383590428624302,10.229656469542533,308224
1,20,5,15,8,QtoSimplifySolver,82.8125,100.0,0.07526506691052495,301,9.543327254243195,9.883164483588189,308224
1,21,5,15,8,QtoSimplifySolver,92.87109375,100.0,0.08613281241386718,301,9.310491246636957,9.960450771264732,308224
1,22,5,15,8,QtoSimplifySolver,93.5546875,100.0,0.0413085937086914,301,8.993209214881063,9.846681131981313,308224
1,23,5,15,8,QtoSimplifySolver,94.53125,100.0,0.18017578094970704,301,9.077080456539989,10.489004761446267,308224
1,24,5,15,8,QtoSimplifySolver,93.75,100.0,0.06542968742730035,301,9.724387129303068,10.136848766822368,308224
1,25,5,15,8,QtoSimplifySolver,81.54296875,100.0,0.09187199512163692,301,9.670677542220801,10.249863698147237,308224
1,26,5,15,8,QtoSimplifySolver,94.53125,100.0,0.03194754462003747,301,8.833585044834763,9.806239346042275,308224
1,27,5,15,8,QtoSimplifySolver,75.78125,100.0,0.07016225956141364,301,10.239382434636354,10.093795902561396,308224
1,28,5,15,8,QtoSimplifySolver,92.578125,100.0,0.04140624997239583,301,8.26576556963846,9.961831031367183,308224
1,29,5,15,8,QtoSimplifySolver,90.33203125,100.0,0.11490885403899015,301,9.630320616532117,10.011782333254814,308224
1,30,5,15,8,QtoSimplifySolver,46.484375,100.0,0.08246527768614968,301,8.728403706103563,9.858859105966985,308224
1,31,5,15,8,QtoSimplifySolver,76.85546875,100.0,0.2106933591994222,301,10.23488962976262,10.171365954913199,308224
1,32,5,15,8,QtoSimplifySolver,91.9921875,100.0,0.06640624995256696,301,9.690690689720213,9.929054759908468,308224
1,33,5,15,8,QtoSimplifySolver,86.5234375,100.0,0.20464409699483987,301,10.113718877080828,10.085134889930487,308224
1,34,5,15,8,QtoSimplifySolver,95.8984375,100.0,0.049360795409672004,301,8.919052729383111,10.32301061740145,308224
1,35,5,15,8,QtoSimplifySolver,48.73046875,100.0,0.15514322906323783,301,9.656895245425403,10.151212512515485,308224
1,36,5,15,8,QtoSimplifySolver,31.640625,100.0,0.08422851555480956,301,8.918159036431462,9.72245145170018,308224
1,37,5,15,8,QtoSimplifySolver,4.1015625,100.0,0.08544921869659423,301,9.204964231699705,9.409141650423408,308224
1,38,5,15,8,QtoSimplifySolver,85.9375,100.0,0.11245492779811159,301,10.863330983556807,10.02716609556228,308224
1,39,5,15,8,QtoSimplifySolver,13.37890625,100.0,0.40078124959921874,301,8.726340753026307,10.458204397931695,308224
1,40,5,15,8,QtoSimplifySolver,86.81640625,100.0,0.4475911450873481,301,9.981263949535787,9.999223252292722,308224
1,41,5,15,8,QtoSimplifySolver,88.0859375,100.0,0.0794270832671441,301,10.412714198697358,10.009625597391278,308224
1,42,5,15,8,QtoSimplifySolver,56.8359375,100.0,0.189662388257384,301,9.590641668997705,10.053180092945695,308224
1,43,5,15,8,QtoSimplifySolver,73.14453125,100.0,0.1279296873172433,301,8.885015362873673,10.08882639510557,308224
1,44,5,15,8,QtoSimplifySolver,67.3828125,100.0,0.2496093747503906,301,9.720703870523721,9.829840465448797,308224
1,45,5,15,8,QtoSimplifySolver,59.47265625,100.0,0.25358072874403215,301,10.370649975724518,9.717825185041875,308224
1,46,5,15,8,QtoSimplifySolver,17.67578125,100.0,0.2575954858248939,301,9.009640860836953,9.68214476108551,308224
1,47,5,15,8,QtoSimplifySolver,85.9375,100.0,0.2693917406865832,301,10.359861831646413,10.577297326177359,308224
1,48,5,15,8,QtoSimplifySolver,95.1171875,100.0,0.036539713511216904,301,10.112170005217195,10.251675691455603,308224
1,49,5,15,8,QtoSimplifySolver,91.69921875,100.0,0.08569335930358886,301,9.707282975781709,10.165267711039633,308224
1,50,5,15,8,QtoSimplifySolver,92.96875,100.0,0.15066964264190053,301,8.880971608683467,10.266284341458231,308224
1,51,5,15,8,QtoSimplifySolver,84.5703125,100.0,0.060913085861358636,301,9.462814450729638,9.933435597456992,308224
1,52,5,15,8,QtoSimplifySolver,85.9375,100.0,0.10609654010278818,301,9.286192544735968,9.989880215842277,308224
1,53,5,15,8,QtoSimplifySolver,93.26171875,100.0,0.11512586792763792,301,8.95680086594075,10.178537061903626,308224
1,54,5,15,8,QtoSimplifySolver,33.59375,100.0,0.23046874961588543,301,10.350509304087609,9.994522412773222,308224
1,55,5,15,8,QtoSimplifySolver,77.34375,100.0,0.1300603691999451,301,8.852937893941998,10.163292738143355,308224
1,56,5,15,8,QtoSimplifySolver,0.87890625,100.0,0.09828404010836854,301,10.183135124854743,10.27803413523361,308224
1,57,5,15,8,QtoSimplifySolver,39.0625,100.0,0.17687988259140014,301,9.698748329188675,9.703881324734539,308224
1,58,5,15,8,QtoSimplifySolver,2.34375,100.0,0.23710937484192707,301,9.813878195825964,10.078958431258798,308224
1,59,5,15,8,QtoSimplifySolver,73.4375,100.0,0.07622612842987438,301,8.776176437735558,10.043382542207837,308224
1,60,5,15,8,QtoSimplifySolver,0.78125,100.0,0.165917968584082,301,9.566948628984392,10.19867886789143,308224
1,61,5,15,8,QtoSimplifySolver,20.99609375,100.0,0.20688100945624535,301,9.885469745844603,10.242714239284396,308224
1,62,5,15,8,QtoSimplifySolver,97.36328125,100.0,0.023030598939141167,301,8.100453753490001,9.607434486504644,308224
1,63,5,15,8,QtoSimplifySolver,48.6328125,100.0,0.14428710925476074,301,9.704727343283594,9.74878532346338,308224
1,64,5,15,8,QtoSimplifySolver,95.1171875,100.0,0.041090745160699424,301,8.388924593571573,9.311039564199746,308224
1,65,5,15,8,QtoSimplifySolver,95.01953125,100.0,0.038992745507862324,301,7.944475039839745,9.638885842170566,308224
1,66,5,15,8,QtoSimplifySolver,88.28125,100.0,0.06787109370152064,301,8.396902028936893,9.220563193317503,308224
1,67,5,15,8,QtoSimplifySolver,94.62890625,100.0,0.09094238269882202,301,7.966184251010418,9.529187322128564,308224
1,68,5,15,8,QtoSimplifySolver,12.890625,100.0,0.11406249992395832,301,9.675915710162371,9.48595529422164,308224
1,69,5,15,8,QtoSimplifySolver,96.09375,100.0,0.03515624997488839,301,8.835830023046583,9.542163987178355,308224
1,70,5,15,8,QtoSimplifySolver,6.15234375,100.0,0.06943873351608487,301,8.545997184235603,9.551297710742801,308224
1,71,5,15,8,QtoSimplifySolver,82.71484375,100.0,0.06285511357922262,301,8.143220322672278,9.5217500673607,308224
1,72,5,15,8,QtoSimplifySolver,0.78125,100.0,0.07272135411818575,301,8.360921914689243,9.280501503963023,308224
1,73,5,15,8,QtoSimplifySolver,85.83984375,100.0,0.1029296873970703,301,9.372523742727935,9.411661429330707,308224
1,74,5,15,8,QtoSimplifySolver,93.75,100.0,0.02001953122998047,301,8.29163656104356,9.7431759131141,308224
1,75,5,15,8,QtoSimplifySolver,93.1640625,100.0,0.03576660151779174,301,8.17985889595002,9.411538616288453,308224
1,76,5,15,8,QtoSimplifySolver,97.8515625,100.0,0.030691964241868624,301,8.330910044256598,9.834082013461739,308224
1,77,5,15,8,QtoSimplifySolver,94.140625,100.0,0.042217548044448036,301,8.24234373960644,9.52291031833738,308224
1,78,5,15,8,QtoSimplifySolver,75.1953125,100.0,0.04869791663420139,301,7.908366147428751,9.528667130507529,308224
1,79,5,15,8,QtoSimplifySolver,33.49609375,100.0,0.16594050468004576,301,9.764823554549366,9.5127915404737,308224
1,80,5,15,8,QtoSimplifySolver,90.13671875,100.0,0.02747395831501736,301,9.008155446499586,9.581921208649874,308224
1,81,5,15,8,QtoSimplifySolver,85.64453125,100.0,0.0534237132038684,301,8.864921753294766,9.36049133958295,308224
1,82,5,15,8,QtoSimplifySolver,87.98828125,100.0,0.08274739577816839,301,9.229911671485752,9.333450588863343,308224
1,83,5,15,8,QtoSimplifySolver,87.59765625,100.0,0.05768694192308075,301,9.903877760283649,9.501635992433876,308224
1,84,5,15,8,QtoSimplifySolver,89.2578125,100.0,0.1691080726348199,301,9.739271773956716,9.625455286353827,308224
1,85,5,15,8,QtoSimplifySolver,95.21484375,100.0,0.026521381564988747,301,8.766243261285126,9.645401509478688,308224
1,86,5,15,8,QtoSimplifySolver,19.43359375,100.0,0.1038411457641059,301,8.767533695790917,9.395165360532701,308224
1,87,5,15,8,QtoSimplifySolver,82.8125,100.0,0.057617187455679085,301,9.099131306633353,9.622618087101728,308224
1,88,5,15,8,QtoSimplifySolver,89.0625,100.0,0.09733072900444878,301,8.976155570242554,9.458044052589685,308224
1,89,5,15,8,QtoSimplifySolver,80.46875,100.0,0.10530598949557833,301,8.833466343581676,9.518644347786903,308224
1,90,5,15,8,QtoSimplifySolver,44.62890625,100.0,0.6059570304925537,301,9.686808583326638,9.768938042689115,308224
1,91,5,15,8,QtoSimplifySolver,87.40234375,100.0,0.2622070305944824,301,9.169588924851269,9.610518156085163,308224
1,92,5,15,8,QtoSimplifySolver,96.58203125,100.0,0.012369791658420138,301,8.149193434976041,9.47567147295922,308224
1,93,5,15,8,QtoSimplifySolver,88.96484375,100.0,0.22695312454609376,301,8.993413207121193,9.386483154725283,308224
1,94,5,15,8,QtoSimplifySolver,85.7421875,100.0,0.06375558031160315,301,10.199219596106559,9.651156184729189,308224
1,95,5,15,8,QtoSimplifySolver,77.1484375,100.0,0.039245605444221496,301,8.972127573098987,9.47612031456083,308224
1,96,5,15,8,QtoSimplifySolver,93.45703125,100.0,0.046574519194942675,301,8.262588168028742,9.547537918202579,308224
1,97,5,15,8,QtoSimplifySolver,57.8125,100.0,0.06949869785875108,301,8.574787756893784,9.659556025173515,308224
1,98,5,15,8,QtoSimplifySolver,68.1640625,100.0,0.21445312478554684,301,9.748869253322482,9.325050247367471,308224
1,99,5,15,8,QtoSimplifySolver,93.45703125,100.0,0.030064174085668444,301,9.134248369373381,9.374076050706208,308224
1,0,5,15,8,QtoSimplifyDiscardSolver,55.078125,100.0,0.06992187495338541,301,10.54578329063952,7.465080586262047,308224
1,1,5,15,8,QtoSimplifyDiscardSolver,98.33984375,100.0,0.026801215247998646,301,10.31455995189026,7.393422781024128,308224
1,2,5,15,8,QtoSimplifyDiscardSolver,94.53125,100.0,0.0397460937102539,301,10.485388218425214,8.41265585180372,308224
1,3,5,15,8,QtoSimplifyDiscardSolver,97.94921875,100.0,0.016967773416290282,301,9.997589131817222,7.7499645431526005,308224
1,4,5,15,8,QtoSimplifyDiscardSolver,1.3671875,100.0,0.47481863805370095,301,11.123256196267903,7.363947014790028,308224
1,5,5,15,8,QtoSimplifyDiscardSolver,98.14453125,100.0,0.030924479132306133,301,10.378574153408408,8.038715562783182,308224
1,6,5,15,8,QtoSimplifyDiscardSolver,98.046875,100.0,0.02558593747441406,301,10.401315815746784,8.503850817214698,308224
1,7,5,15,8,QtoSimplifyDiscardSolver,92.3828125,100.0,0.1082899304352334,301,11.106326184235513,7.91185833979398,308224
1,8,5,15,8,QtoSimplifyDiscardSolver,0,100.0,0.12948069845324664,301,10.340127846691757,7.606529838871211,308224
1,9,5,15,8,QtoSimplifyDiscardSolver,91.796875,100.0,0.0837402342703247,301,10.591584973037243,8.28284602612257,308224
1,10,5,15,8,QtoSimplifyDiscardSolver,0,100.0,0.654296874345703,301,9.700536439195275,8.820415849797428,308224
1,11,5,15,8,QtoSimplifyDiscardSolver,1.85546875,100.0,0.775916465749295,301,10.563701591454446,8.660235444549471,308224
1,12,5,15,8,QtoSimplifyDiscardSolver,87.01171875,100.0,0.09510216338838294,301,10.609624901320785,7.609134438447654,308224
1,13,5,15,8,QtoSimplifyDiscardSolver,95.99609375,100.0,0.019981971138475406,301,11.226079845800996,7.774778172373772,308224
1,14,5,15,8,QtoSimplifyDiscardSolver,67.1875,100.0,0.07394748259780695,301,9.882600755430758,7.963665620423853,308224
1,15,5,15,8,QtoSimplifyDiscardSolver,87.98828125,100.0,0.04266357419208527,301,10.151136090513319,7.5746215977706015,308224
1,16,5,15,8,QtoSimplifyDiscardSolver,97.16796875,100.0,0.014237253281980392,301,10.052274550311267,7.581941115669906,308224
1,17,5,15,8,QtoSimplifyDiscardSolver,4.6875,100.0,0.3526785709247449,301,9.944285687524825,7.540179925505072,308224
1,18,5,15,8,QtoSimplifyDiscardSolver,92.48046875,100.0,0.017463235283845156,301,9.87233140785247,7.7265027379617095,308224
1,19,5,15,8,QtoSimplifyDiscardSolver,86.62109375,100.0,0.07294921867705077,301,10.641594467684627,7.260138829238713,308224
1,20,5,15,8,QtoSimplifyDiscardSolver,92.1875,100.0,0.038225446401267536,301,11.22230173414573,8.345870975870639,308224
1,21,5,15,8,QtoSimplifyDiscardSolver,89.84375,100.0,0.12783203112216796,301,11.098883819300681,7.635061863809824,308224
1,22,5,15,8,QtoSimplifyDiscardSolver,92.7734375,100.0,0.07236328117763671,301,9.450600325595587,7.720715201459825,308224
1,23,5,15,8,QtoSimplifyDiscardSolver,95.703125,100.0,0.11295572897840712,301,9.916277256794274,7.791698853485286,308224
1,24,5,15,8,QtoSimplifyDiscardSolver,96.2890625,100.0,0.02148437497612847,301,10.500907367561013,8.48131981678307,308224
1,25,5,15,8,QtoSimplifyDiscardSolver,4.4921875,100.0,0.3838641823970275,301,11.160480221733451,8.666113010141999,308224
1,26,5,15,8,QtoSimplifyDiscardSolver,75.390625,100.0,0.16929408470050422,301,11.57665572874248,7.775218061171472,308224
1,27,5,15,8,QtoSimplifyDiscardSolver,85.05859375,100.0,0.06625600956441845,301,11.368671748787165,7.804484072141349,308224
1,28,5,15,8,QtoSimplifyDiscardSolver,98.33984375,100.0,0.0052083333298611105,301,9.525418993085623,7.612145486753434,308224
1,29,5,15,8,QtoSimplifyDiscardSolver,87.109375,100.0,0.09722222211419752,301,10.415685826912522,7.901203972753137,308224
1,30,5,15,8,QtoSimplifyDiscardSolver,90.625,100.0,0.09960937488932291,301,10.532258455641568,7.7732636095024645,308224
1,31,5,15,8,QtoSimplifyDiscardSolver,93.9453125,100.0,0.051350911415540906,301,10.021737274713814,8.09915477829054,308224
1,32,5,15,8,QtoSimplifyDiscardSolver,20.41015625,100.0,0.28564453104596815,301,10.817680869717151,7.62201586458832,308224
1,33,5,15,8,QtoSimplifyDiscardSolver,94.140625,100.0,0.08170572907588251,301,10.537640315014869,8.709193515125662,308224
1,34,5,15,8,QtoSimplifyDiscardSolver,92.7734375,100.0,0.08531605105880358,301,10.287958024535328,7.722329707816243,308224
1,35,5,15,8,QtoSimplifyDiscardSolver,89.35546875,100.0,0.02994791664670139,301,10.241841478738934,7.683598809409887,308224
1,36,5,15,8,QtoSimplifyDiscardSolver,6.0546875,100.0,0.10774739574354383,301,10.501536627765745,7.779474375303835,308224
1,37,5,15,8,QtoSimplifyDiscardSolver,24.90234375,100.0,0.12762451163898467,301,12.083763170056045,8.69063896453008,308224
1,38,5,15,8,QtoSimplifyDiscardSolver,3.61328125,100.0,0.3437499997355769,301,11.606728012207896,7.695022020954639,308224
1,39,5,15,8,QtoSimplifyDiscardSolver,92.87109375,100.0,0.08144531241855468,301,10.876920785754919,7.464007200207561,308224
1,40,5,15,8,QtoSimplifyDiscardSolver,97.75390625,100.0,0.09521484359130859,301,10.802373089361936,8.738942035939544,308224
1,41,5,15,8,QtoSimplifyDiscardSolver,93.5546875,100.0,0.042968749964192705,301,10.406137238256633,7.886803348083049,308224
1,42,5,15,8,QtoSimplifyDiscardSolver,92.67578125,100.0,0.04303850443354392,301,9.8352614575997,7.693181974347681,308224
1,43,5,15,8,QtoSimplifyDiscardSolver,0.29296875,100.0,0.3929966512242905,301,10.65247708093375,7.4226919719949365,308224
1,44,5,15,8,QtoSimplifyDiscardSolver,0,100.0,0.3167968746832031,301,8.783083095680922,7.5038884044624865,308224
1,45,5,15,8,QtoSimplifyDiscardSolver,32.8125,100.0,0.46761067630398223,301,11.819757767487317,7.977894726675004,308224
1,46,5,15,8,QtoSimplifyDiscardSolver,5.56640625,100.0,0.1675347220360725,301,9.706281682476401,7.4816438145935535,308224
1,47,5,15,8,QtoSimplifyDiscardSolver,95.99609375,100.0,0.08258928559630102,301,10.041016065515578,8.067304687108845,308224
1,48,5,15,8,QtoSimplifyDiscardSolver,86.42578125,100.0,0.06388346348843044,301,10.382802813779563,7.921287995297462,308224
1,49,5,15,8,QtoSimplifyDiscardSolver,86.71875,100.0,0.12540690093716092,301,10.241420446429402,8.08818244189024,308224
1,50,5,15,8,QtoSimplifyDiscardSolver,95.80078125,100.0,0.0848214284502551,301,10.555231937207282,7.796412319410592,308224
1,51,5,15,8,QtoSimplifyDiscardSolver,99.70703125,100.0,0.0018310546852111816,301,3.5807695821858943,4.351412364747375,308224
1,52,5,15,8,QtoSimplifyDiscardSolver,98.046875,100.0,0.010602678563855229,301,9.880242438986897,7.501301979646087,308224
1,53,5,15,8,QtoSimplifyDiscardSolver,98.33984375,100.0,0.030381944410686725,301,9.845901672262698,8.878146048635244,308224
1,54,5,15,8,QtoSimplifyDiscardSolver,69.921875,100.0,0.13492838519178602,301,10.675245274789631,7.9996594483964145,308224
1,55,5,15,8,QtoSimplifyDiscardSolver,23.33984375,100.0,0.3502308235452447,301,11.704505106899887,7.792297239881009,308224
1,56,5,15,8,QtoSimplifyDiscardSolver,0.68359375,100.0,0.0917968749344308,301,9.005652853753418,7.558132742531598,308224
1,57,5,15,8,QtoSimplifyDiscardSolver,86.71875,100.0,0.05761718742797851,301,11.586717875208706,8.797026292886585,308224
1,58,5,15,8,QtoSimplifyDiscardSolver,9.86328125,100.0,0.20397135403068575,301,9.80423770705238,7.9453035881742835,308224
1,59,5,15,8,QtoSimplifyDiscardSolver,0,100.0,0.17285156240397134,301,9.353101579006761,7.847037020139396,308224
1,60,5,15,8,QtoSimplifyDiscardSolver,0.09765625,100.0,0.10644531239355468,301,9.366881040856242,7.221965515520424,308224
1,61,5,15,8,QtoSimplifyDiscardSolver,98.046875,100.0,0.02779447113246579,301,10.508805762976408,8.738099555950612,308224
1,62,5,15,8,QtoSimplifyDiscardSolver,97.36328125,100.0,0.026611328102823892,301,9.197536254301667,7.929549438878894,308224
1,63,5,15,8,QtoSimplifyDiscardSolver,47.65625,100.0,0.16219075507317435,301,11.83516857214272,8.470059763174504,308224
1,64,5,15,8,QtoSimplifyDiscardSolver,98.046875,100.0,0.011718749990985575,301,8.748300357721746,6.826423758640885,308224
1,65,5,15,8,QtoSimplifyDiscardSolver,88.28125,100.0,0.09737723207330197,301,11.678401866927743,8.683497455902398,308224
1,66,5,15,8,QtoSimplifyDiscardSolver,75.29296875,100.0,0.07247488834108937,301,10.043418323621154,7.51769213238731,308224
1,67,5,15,8,QtoSimplifyDiscardSolver,91.89453125,100.0,0.09374999988281249,301,10.394013226032257,7.81261013681069,308224
1,68,5,15,8,QtoSimplifyDiscardSolver,65.625,100.0,0.03717447914188368,301,11.264753502327949,8.289572540670633,308224
1,69,5,15,8,QtoSimplifyDiscardSolver,96.97265625,100.0,0.030691964263791453,301,10.651853662449867,8.244838722515851,308224
1,70,5,15,8,QtoSimplifyDiscardSolver,0.29296875,100.0,0.06573807562329574,301,9.503411022946239,7.945534211117774,308224
1,71,5,15,8,QtoSimplifyDiscardSolver,32.2265625,100.0,0.1848366475592394,301,11.491301748901606,8.268167936708778,308224
1,72,5,15,8,QtoSimplifyDiscardSolver,94.53125,100.0,0.02981770831345486,301,11.07013241527602,8.22813954949379,308224
1,73,5,15,8,QtoSimplifyDiscardSolver,93.9453125,100.0,0.04570312495429687,301,10.734276094473898,8.168431972619146,308224
1,74,5,15,8,QtoSimplifyDiscardSolver,82.12890625,100.0,0.0935546874064453,301,11.593565265648067,8.126558440737426,308224
1,75,5,15,8,QtoSimplifyDiscardSolver,88.76953125,100.0,0.0676269530404663,301,9.632872726302594,7.374806851614267,308224
1,76,5,15,8,QtoSimplifyDiscardSolver,99.21875,100.0,0.01395089283721301,301,8.831592917907983,7.278472180943936,308224
1,77,5,15,8,QtoSimplifyDiscardSolver,90.234375,100.0,0.050180288422938236,301,9.730424005072564,6.4091636459343135,308224
1,78,5,15,8,QtoSimplifyDiscardSolver,97.0703125,100.0,0.010156249993229166,301,10.579450834542513,8.051752720493823,308224
1,79,5,15,8,QtoSimplifyDiscardSolver,93.06640625,100.0,0.02599158651846801,301,10.109403925947845,8.241026102099568,308224
1,80,5,15,8,QtoSimplifyDiscardSolver,82.03125,100.0,0.04205729163862847,301,11.381933961063623,8.106984944082797,308224
1,81,5,15,8,QtoSimplifyDiscardSolver,4.1015625,100.0,0.2536764704390138,301,11.401694349944592,7.486122058704495,308224
1,82,5,15,8,QtoSimplifyDiscardSolver,1.171875,100.0,0.21979166652013887,301,10.576276194304228,8.106497155502439,308224
1,83,5,15,8,QtoSimplifyDiscardSolver,90.13671875,100.0,0.020019531235700334,301,9.367967057041824,7.44126076484099,308224
1,84,5,15,8,QtoSimplifyDiscardSolver,86.62109375,100.0,0.13264973936225044,301,10.586839713156223,8.043878251221031,308224
1,85,5,15,8,QtoSimplifyDiscardSolver,92.48046875,100.0,0.03998766445263807,301,10.414337654598057,7.421685285400599,308224
1,86,5,15,8,QtoSimplifyDiscardSolver,77.5390625,100.0,0.07766927078155382,301,12.06077025225386,8.404947489500046,308224
1,87,5,15,8,QtoSimplifyDiscardSolver,0.390625,100.0,0.09525240377288276,301,9.670145676471293,7.38492572773248,308224
1,88,5,15,8,QtoSimplifyDiscardSolver,87.5,100.0,0.10139973941433376,301,10.772146829869598,7.877065260894597,308224
1,89,5,15,8,QtoSimplifyDiscardSolver,25.78125,100.0,0.12817382801818847,301,11.467143025249243,8.044287096709013,308224
1,90,5,15,8,QtoSimplifyDiscardSolver,70.3125,100.0,0.1129150389213562,301,10.575563813559711,8.070890964474529,308224
1,91,5,15,8,QtoSimplifyDiscardSolver,54.8828125,100.0,0.32421874918945315,301,11.361624921672046,8.066060635261238,308224
1,92,5,15,8,QtoSimplifyDiscardSolver,95.60546875,100.0,0.00670572916219618,301,11.789321733172983,8.58460660977289,308224
1,93,5,15,8,QtoSimplifyDiscardSolver,95.80078125,100.0,0.07851562484296876,301,9.329842233099043,8.034945488907397,308224
1,94,5,15,8,QtoSimplifyDiscardSolver,72.36328125,100.0,0.07931082583620655,301,10.756198577117175,8.029777694959193,308224
1,95,5,15,8,QtoSimplifyDiscardSolver,78.02734375,100.0,0.04528808590919495,301,10.595635570120066,7.843489263672382,308224
1,96,5,15,8,QtoSimplifyDiscardSolver,92.578125,100.0,0.07196514417541142,301,11.131169805303216,7.59980556787923,308224
1,97,5,15,8,QtoSimplifyDiscardSolver,70.01953125,100.0,0.18579101547017415,301,11.497736036311835,8.593932637479156,308224
1,98,5,15,8,QtoSimplifyDiscardSolver,86.23046875,100.0,0.09248046865751952,301,11.689139472320676,7.9618786298669875,308224
1,99,5,15,8,QtoSimplifyDiscardSolver,97.4609375,100.0,0.009626116064552773,301,9.20323681179434,7.26437252946198,308224
1,0,5,15,8,QtoSimplifyDiscardSegmentedSolver
